This is LuaHBTeX, Version 1.21.0 (TeX Live 2025)  (format=lualatex 2025.3.9)  23 JUN 2026 19:29
 restricted system commands enabled.
 file:line:error style messages enabled.
**C:/impression2/.audit_f1/stable/book.tex
(c:/impression2/.audit_f1/stable/book.tex
LaTeX2e <2024-11-01> patch level 2
L3 programming layer <2025-01-18>
Lua module: luaotfload 2024-12-03 v3.29 Lua based OpenType font support
Lua module: lualibs 2023-07-13 v2.76 ConTeXt Lua standard libraries.
Lua module: lualibs-extended 2023-07-13 v2.76 ConTeXt Lua libraries -- extended 
collection.
luaotfload | conf : Root cache directory is "C:/impression2/.audit_f1/stable/.te
xlive-cache/luatex-cache/generic/names".
luaotfload | init : Loading fontloader "fontloader-2023-12-28.lua" from kpse-res
olved path "c:/texlive/2025/texmf-dist/tex/luatex/luaotfload/fontloader-2023-12-
28.lua".
Lua-only attribute luaotfload@noligature = 1
luaotfload | init : Context OpenType loader version 3.134
Inserting `luaotfload.node_processor' in `pre_linebreak_filter'.
Inserting `luaotfload.node_processor' in `hpack_filter'.
Inserting `luaotfload.glyph_stream' in `glyph_stream_provider'.
Inserting `luaotfload.define_font' in `define_font'.
Lua-only attribute luaotfload_color_attribute = 2
luaotfload | conf : Root cache directory is "C:/impression2/.audit_f1/stable/.te
xlive-cache/luatex-cache/generic/names".
Inserting `luaotfload.harf.strip_prefix' in `find_opentype_file'.
Inserting `luaotfload.harf.strip_prefix' in `find_truetype_file'.
Removing  `luaotfload.glyph_stream' from `glyph_stream_provider'.
Inserting `luaotfload.harf.glyphstream' in `glyph_stream_provider'.
Inserting `luaotfload.harf.finalize_vlist' in `post_linebreak_filter'.
Inserting `luaotfload.harf.finalize_hlist' in `hpack_filter'.
Inserting `luaotfload.cleanup_files' in `wrapup_run'.
Inserting `luaotfload.harf.finalize_unicode' in `finish_pdffile'.
Inserting `luaotfload.glyphinfo' in `glyph_info'.
Lua-only attribute luaotfload.letterspace_done = 3
Inserting `luaotfload.aux.set_sscale_dimens' in `luaotfload.patch_font'.
Inserting `luaotfload.aux.set_font_index' in `luaotfload.patch_font'.
Inserting `luaotfload.aux.patch_cambria_domh' in `luaotfload.patch_font'.
Inserting `luaotfload.aux.fixup_fontdata' in `luaotfload.patch_font_unsafe'.
Inserting `luaotfload.aux.set_capheight' in `luaotfload.patch_font'.
Inserting `luaotfload.aux.set_xheight' in `luaotfload.patch_font'.
Inserting `luaotfload.rewrite_fontname' in `luaotfload.patch_font'.
Inserting `tracingstacklevels' in `input_level_string'. (c:/texlive/2025/texmf-
dist/tex/latex/base/book.cls
Document Class: book 2024/06/29 v1.4n Standard LaTeX document class
(c:/texlive/2025/texmf-dist/tex/latex/base/bk12.clo
File: bk12.clo 2024/06/29 v1.4n Standard LaTeX file (size option)
luaotfload | db : Font names database loaded from C:/impression2/.audit_f1/stabl
e/.texlive-cache/luatex-cache/generic/names/luaotfload-names.luc.gz)
\c@part=\count194
\c@chapter=\count195
\c@section=\count196
\c@subsection=\count197
\c@subsubsection=\count198
\c@paragraph=\count199
\c@subparagraph=\count266
\c@figure=\count267
\c@table=\count268
\abovecaptionskip=\skip49
\belowcaptionskip=\skip50
\bibindent=\dimen140
)
(c:/texlive/2025/texmf-dist/tex/latex/geometry/geometry.sty
Package: geometry 2020/01/02 v5.9 Page Geometry

(c:/texlive/2025/texmf-dist/tex/latex/graphics/keyval.sty
Package: keyval 2022/05/29 v1.15 key=value parser (DPC)
\KV@toks@=\toks17
)
(c:/texlive/2025/texmf-dist/tex/generic/iftex/ifvtex.sty
Package: ifvtex 2019/10/25 v1.7 ifvtex legacy package. Use iftex instead.

(c:/texlive/2025/texmf-dist/tex/generic/iftex/iftex.sty
Package: iftex 2024/12/12 v1.0g TeX engine tests
))
\Gm@cnth=\count269
\Gm@cntv=\count270
\c@Gm@tempcnt=\count271
\Gm@bindingoffset=\dimen141
\Gm@wd@mp=\dimen142
\Gm@odd@mp=\dimen143
\Gm@even@mp=\dimen144
\Gm@layoutwidth=\dimen145
\Gm@layoutheight=\dimen146
\Gm@layouthoffset=\dimen147
\Gm@layoutvoffset=\dimen148
\Gm@dimlist=\toks18
)
(c:/texlive/2025/texmf-dist/tex/latex/fontspec/fontspec.sty
(c:/texlive/2025/texmf-dist/tex/latex/l3packages/xparse/xparse.sty
(c:/texlive/2025/texmf-dist/tex/latex/l3kernel/expl3.sty
Package: expl3 2025-01-18 L3 programming layer (loader) 

(c:/texlive/2025/texmf-dist/tex/latex/l3backend/l3backend-luatex.def
File: l3backend-luatex.def 2024-05-08 L3 backend support: PDF output (LuaTeX)
\l__color_backend_stack_int=\count272
Inserting `l3color' in `luaotfload.parse_color'.
\l__pdf_internal_box=\box52
))
Package: xparse 2024-08-16 L3 Experimental document command parser
)
Package: fontspec 2024/05/11 v2.9e Font selection for XeLaTeX and LuaLaTeX
Lua module: fontspec 2024/05/11 v2.9e Font selection for XeLaTeX and LuaLaTeX
(c:/texlive/2025/texmf-dist/tex/latex/fontspec/fontspec-luatex.sty
Package: fontspec-luatex 2024/05/11 v2.9e Font selection for XeLaTeX and LuaLaT
eX
\l__fontspec_script_int=\count273
\l__fontspec_language_int=\count274
\l__fontspec_strnum_int=\count275
\l__fontspec_tmp_int=\count276
\l__fontspec_tmpa_int=\count277
\l__fontspec_tmpb_int=\count278
\l__fontspec_tmpc_int=\count279
\l__fontspec_em_int=\count280
\l__fontspec_emdef_int=\count281
\l__fontspec_strong_int=\count282
\l__fontspec_strongdef_int=\count283
\l__fontspec_tmpa_dim=\dimen149
\l__fontspec_tmpb_dim=\dimen150
\l__fontspec_tmpc_dim=\dimen151

(c:/texlive/2025/texmf-dist/tex/latex/base/fontenc.sty
Package: fontenc 2021/04/29 v2.0v Standard LaTeX package
)
(c:/texlive/2025/texmf-dist/tex/latex/fontspec/fontspec.cfg)))
(c:/texlive/2025/texmf-dist/tex/generic/babel/babel.sty
Package: babel 2025/02/14 v25.4 The multilingual framework for pdfLaTeX, LuaLaT
eX and XeLaTeX

(c:/texlive/2025/texmf-dist/tex/generic/babel/luababel.def
\bbl@readstream=\read2
\l@dumylang=\language2
Package babel Info: Non-standard hyphenation setup on input line 118.
\l@nohyphenation=\language3
\l@german-x-2024-02-28=\language4
\l@ngerman-x-2024-02-28=\language5
\l@afrikaans=\language6
\l@albanian=\language7
\l@ancientgreek=\language8
\l@ibycus=\language9
\l@arabic=\language10
\l@armenian=\language11
\l@basque=\language12
\l@belarusian=\language13
\l@bulgarian=\language14
\l@catalan=\language15
\l@pinyin=\language16
\l@churchslavonic=\language17
\l@coptic=\language18
\l@croatian=\language19
\l@czech=\language20
\l@danish=\language21
\l@dutch=\language22
\l@ukenglish=\language23
\l@usenglishmax=\language24
\l@esperanto=\language25
\l@estonian=\language26
\l@ethiopic=\language27
\l@farsi=\language28
\l@finnish=\language29
\l@schoolfinnish=\language30
\l@french=\language31
\l@friulan=\language32
\l@galician=\language33
\l@georgian=\language34
\l@german=\language35
\l@ngerman=\language36
\l@swissgerman=\language37
\l@greek=\language38
\l@monogreek=\language39
\l@hebrew=\language40
\l@hungarian=\language41
\l@icelandic=\language42
\l@assamese=\language43
\l@bengali=\language44
\l@gujarati=\language45
\l@hindi=\language46
\l@kannada=\language47
\l@malayalam=\language48
\l@marathi=\language49
\l@oriya=\language50
\l@pali=\language51
\l@panjabi=\language52
\l@tamil=\language53
\l@telugu=\language54
\l@indonesian=\language55
\l@interlingua=\language56
\l@irish=\language57
\l@italian=\language58
\l@kurmanji=\language59
\l@classiclatin=\language60
\l@latin=\language61
\l@liturgicallatin=\language62
\l@latvian=\language63
\l@lithuanian=\language64
\l@macedonian=\language65
\l@mongolian=\language66
\l@mongolianlmc=\language67
\l@bokmal=\language68
\l@nynorsk=\language69
\l@occitan=\language70
\l@piedmontese=\language71
\l@polish=\language72
\l@portuguese=\language73
\l@romanian=\language74
\l@romansh=\language75
\l@russian=\language76
\l@sanskrit=\language77
\l@serbian=\language78
\l@serbianc=\language79
\l@slovak=\language80
\l@slovenian=\language81
\l@spanish=\language82
\l@swedish=\language83
\l@thai=\language84
\l@turkish=\language85
\l@turkmen=\language86
\l@ukrainian=\language87
\l@uppersorbian=\language88
\l@vietnamese=\language89
\l@welsh=\language90
\babelcatcodetablenum=\catcodetable14
\bbl@pattcodes=\catcodetable15
)
\babel@savecnt=\count284
\U@D=\dimen152
\l@unhyphenated=\language91

(c:/texlive/2025/texmf-dist/tex/generic/babel/luababel.def
\bbl@attr@locale=\attribute4
)
(c:/texlive/2025/texmf-dist/tex/generic/babel-french/french.ldf
Language: french 2024-07-25 v3.6c French support from the babel system
Package babel Info: Hyphen rules for 'acadian' set to \l@french
(babel)             (\language31). Reported on input line 91.
Package babel Info: Hyphen rules for 'canadien' set to \l@french
(babel)             (\language31). Reported on input line 92.
\FB@stdchar=\count285
\FB@spacing=\attribute5
\FB@addDPspace=\attribute6
\FB@addGUILspace=\attribute7
\FB@ucsNBSP=\attribute8
\FB@dialect=\attribute9
Package french.ldf Info: No need for active punctuation characters
(french.ldf)             with this version of LuaTeX!
(french.ldf)             reported on input line 250.
\FBguill@level=\count286
\FBold@everypar=\toks19
\FB@Mht=\dimen153
\mc@charclass=\count287
\mc@charfam=\count288
\mc@charslot=\count289
\std@mcc=\count290
\dec@mcc=\count291
Inserting `frenchb.french_punctuation' in `kerning'.
\FB@parskip=\dimen154
\listindentFB=\dimen155
\descindentFB=\dimen156
\labelindentFB=\dimen157
\labelwidthFB=\dimen158
\leftmarginFB=\dimen159
\parindentFFN=\dimen160
\FBfnindent=\dimen161

(c:/texlive/2025/texmf-dist/tex/generic/hyph-utf8/loadhyph/loadhyph-fr.tex
UTF-8 French hyphenation patterns
(c:/texlive/2025/texmf-dist/tex/generic/hyph-utf8/patterns/tex/hyph-fr.tex)
(c:/texlive/2025/texmf-dist/tex/generic/hyph-utf8/patterns/quote/hyph-quote-fr.
tex))))
(c:/texlive/2025/texmf-dist/tex/generic/babel/locale/fr/babel-french.tex
Package babel Info: Importing font and identification data for french
(babel)             from babel-fr.ini. Reported on input line 11.
)
(c:/texlive/2025/texmf-dist/tex/latex/carlisle/scalefnt.sty)
(c:/texlive/2025/texmf-dist/tex/latex/csquotes/csquotes.sty
Package: csquotes 2024-04-04 v5.2o context-sensitive quotations (JAW)

(c:/texlive/2025/texmf-dist/tex/latex/etoolbox/etoolbox.sty
Package: etoolbox 2025/02/11 v2.5l e-TeX tools for LaTeX (JAW)
\etb@tempcnta=\count292
)
\csq@reset=\count293
\csq@gtype=\count294
\csq@glevel=\count295
\csq@qlevel=\count296
\csq@maxlvl=\count297
\csq@tshold=\count298
\csq@ltx@everypar=\toks20

(c:/texlive/2025/texmf-dist/tex/latex/csquotes/csquotes.def
File: csquotes.def 2024-04-04 v5.2o csquotes generic definitions (JAW)
)
Package csquotes Info: Trying to load configuration file 'csquotes.cfg'...
Package csquotes Info: ... configuration file loaded successfully.

(c:/texlive/2025/texmf-dist/tex/latex/csquotes/csquotes.cfg
File: csquotes.cfg 
))
(c:/texlive/2025/texmf-dist/tex/latex/microtype/microtype.sty
Package: microtype 2025/02/11 v3.2a Micro-typographical refinements (RS)
\MT@toks=\toks21
\MT@tempbox=\box53
\MT@count=\count299
LaTeX Info: Redefining \noprotrusionifhmode on input line 1087.
LaTeX Info: Redefining \leftprotrusion on input line 1088.
\MT@prot@toks=\toks22
LaTeX Info: Redefining \rightprotrusion on input line 1107.
LaTeX Info: Redefining \textls on input line 1449.
\MT@outer@kern=\dimen162
LaTeX Info: Redefining \microtypecontext on input line 2053.
LaTeX Info: Redefining \textmicrotypecontext on input line 2070.
\MT@listname@count=\count300

(c:/texlive/2025/texmf-dist/tex/latex/microtype/microtype-luatex.def
File: microtype-luatex.def 2025/02/11 v3.2a Definitions specific to luatex (RS)

Lua module: microtype 2025/02/11 v3.2a microtype module.
Module microtype Info: overwriting function `keepligature' on input line 63
LaTeX Info: Redefining \lsstyle on input line 779.
LaTeX Info: Redefining \lslig on input line 779.
\MT@outer@space=\skip51
)
Package microtype Info: Loading configuration file microtype.cfg.

(c:/texlive/2025/texmf-dist/tex/latex/microtype/microtype.cfg
File: microtype.cfg 2025/02/11 v3.2a microtype main configuration file (RS)
)
LaTeX Info: Redefining \microtypesetup on input line 3065.
)
(c:/texlive/2025/texmf-dist/tex/latex/tools/indentfirst.sty
Package: indentfirst 2023/07/02 v1.03 Indent first paragraph (DPC)
)
(c:/texlive/2025/texmf-dist/tex/latex/emptypage/emptypage.sty
Package: emptypage 2010/05/30 v1.2 Suppress page numbers and headings on empty 
pages
)
luaotfload | cache : Lookup cache loaded from C:/impression2/.audit_f1/stable/.t
exlive-cache/luatex-cache/generic/names/luaotfload-lookup-cache.luc.

Package fontspec Info: 
(fontspec)             Font family 'ChaparralPro(0)' created for font
(fontspec)             'Chaparral Pro' with options [Ligatures=TeX].
(fontspec)              
(fontspec)              This font family consists of the following NFSS
(fontspec)             series/shapes:
(fontspec)              
(fontspec)             - 'normal' (m/n) with NFSS spec.: <->"name:Chaparral
(fontspec)             Pro:mode=node;script=latn;language=dflt;+tlig;"
(fontspec)             - 'small caps'  (m/sc) with NFSS spec.:
(fontspec)             <->"name:Chaparral
(fontspec)             Pro:mode=node;script=latn;language=dflt;+tlig;+smcp;"
(fontspec)             - 'bold' (b/n) with NFSS spec.: <->"name:Chaparral
(fontspec)             Pro/B:mode=node;script=latn;language=dflt;+tlig;"
(fontspec)             - 'bold small caps'  (b/sc) with NFSS spec.:
(fontspec)             <->"name:Chaparral
(fontspec)             Pro/B:mode=node;script=latn;language=dflt;+tlig;+smcp;"
(fontspec)             - 'italic' (m/it) with NFSS spec.: <->"name:Chaparral
(fontspec)             Pro/I:mode=node;script=latn;language=dflt;+tlig;"
(fontspec)             - 'italic small caps'  (m/scit) with NFSS spec.:
(fontspec)             <->"name:Chaparral
(fontspec)             Pro/I:mode=node;script=latn;language=dflt;+tlig;+smcp;"
(fontspec)             - 'bold italic' (b/it) with NFSS spec.:
(fontspec)             <->"name:Chaparral
(fontspec)             Pro/BI:mode=node;script=latn;language=dflt;+tlig;"
(fontspec)             - 'bold italic small caps'  (b/scit) with NFSS spec.:
(fontspec)             <->"name:Chaparral
(fontspec)             Pro/BI:mode=node;script=latn;language=dflt;+tlig;+smcp;"



Package fontspec Info: 
(fontspec)             Font family 'JosefinSans(0)' created for font 'Josefin
(fontspec)             Sans' with options [].
(fontspec)              
(fontspec)              This font family consists of the following NFSS
(fontspec)             series/shapes:
(fontspec)              
(fontspec)             - 'normal' (m/n) with NFSS spec.: <->"name:Josefin
(fontspec)             Sans:mode=node;script=latn;language=dflt;"
(fontspec)             - 'bold' (b/n) with NFSS spec.: <->"name:Josefin
(fontspec)             Sans/B:mode=node;script=latn;language=dflt;"
(fontspec)             - 'italic' (m/it) with NFSS spec.: <->"name:Josefin
(fontspec)             Sans/I:mode=node;script=latn;language=dflt;"
(fontspec)             - 'bold italic' (b/it) with NFSS spec.:
(fontspec)             <->"name:Josefin
(fontspec)             Sans/BI:mode=node;script=latn;language=dflt;"


Package fontspec Info: 
(fontspec)             Could not resolve font "Latin Modern Mono/BI" (it
(fontspec)             probably doesn't exist).


Package fontspec Info: 
(fontspec)             Could not resolve font "Latin Modern Mono/B" (it
(fontspec)             probably doesn't exist).


Package fontspec Info: 
(fontspec)             Font family 'LatinModernMono(0)' created for font
(fontspec)             'Latin Modern Mono' with options
(fontspec)             [WordSpace={1,0,0},HyphenChar=None,PunctuationSpace=Word
Space].
(fontspec)              
(fontspec)              This font family consists of the following NFSS
(fontspec)             series/shapes:
(fontspec)              
(fontspec)             - 'normal' (m/n) with NFSS spec.: <->"name:Latin Modern
(fontspec)             Mono:mode=node;script=latn;language=dflt;"
(fontspec)             - 'italic' (m/it) with NFSS spec.: <->"name:Latin
(fontspec)             Modern Mono/I:mode=node;script=latn;language=dflt;"


(c:/texlive/2025/texmf-dist/tex/latex/enumitem/enumitem.sty
Package: enumitem 2025/02/06 v3.11 Customized lists
\labelindent=\skip52
\enit@outerparindent=\dimen163
\enit@toks=\toks23
\enit@inbox=\box54
\enit@count@id=\count301
\enitdp@description=\count302
)
(c:/texlive/2025/texmf-dist/tex/latex/titlesec/titlesec.sty
Package: titlesec 2025/01/04 v2.17 Sectioning titles
\ttl@box=\box55
\beforetitleunit=\skip53
\aftertitleunit=\skip54
\ttl@plus=\dimen164
\ttl@minus=\dimen165
\ttl@toksa=\toks24
\titlewidth=\dimen166
\titlewidthlast=\dimen167
\titlewidthfirst=\dimen168
)
(c:/texlive/2025/texmf-dist/tex/latex/titlesec/titletoc.sty
Package: titletoc 2025/01/04 v2.17 TOC entries
\ttl@leftsep=\dimen169
)
(c:/texlive/2025/texmf-dist/tex/latex/fancyhdr/fancyhdr.sty
Package: fancyhdr 2025/02/07 v5.2 Extensive control of page headers and footers

\f@nch@headwidth=\skip55
\f@nch@offset@elh=\skip56
\f@nch@offset@erh=\skip57
\f@nch@offset@olh=\skip58
\f@nch@offset@orh=\skip59
\f@nch@offset@elf=\skip60
\f@nch@offset@erf=\skip61
\f@nch@offset@olf=\skip62
\f@nch@offset@orf=\skip63
\f@nch@height=\skip64
\f@nch@footalignment=\skip65
\f@nch@widthL=\skip66
\f@nch@widthC=\skip67
\f@nch@widthR=\skip68
\@temptokenb=\toks25
)
(c:/texlive/2025/texmf-dist/tex/latex/footmisc/footmisc.sty
Package: footmisc 2024/12/24 v6.0g a miscellany of footnote facilities
\FN@temptoken=\toks26
\footnotemargin=\dimen170
\@outputbox@depth=\dimen171
Package footmisc Info: Declaring symbol style bringhurst on input line 699.
Package footmisc Info: Declaring symbol style chicago on input line 707.
Package footmisc Info: Declaring symbol style wiley on input line 716.
Package footmisc Info: Declaring symbol style lamport-robust on input line 727.

Package footmisc Info: Declaring symbol style lamport* on input line 747.
Package footmisc Info: Declaring symbol style lamport*-robust on input line 768
.
)
(c:/texlive/2025/texmf-dist/tex/latex/graphics/graphicx.sty
Package: graphicx 2021/09/16 v1.2d Enhanced LaTeX Graphics (DPC,SPQR)

(c:/texlive/2025/texmf-dist/tex/latex/graphics/graphics.sty
Package: graphics 2024/08/06 v1.4g Standard LaTeX Graphics (DPC,SPQR)

(c:/texlive/2025/texmf-dist/tex/latex/graphics/trig.sty
Package: trig 2023/12/02 v1.11 sin cos tan (DPC)
)
(c:/texlive/2025/texmf-dist/tex/latex/graphics-cfg/graphics.cfg
File: graphics.cfg 2016/06/04 v1.11 sample graphics configuration
)
Package graphics Info: Driver file: luatex.def on input line 106.

(c:/texlive/2025/texmf-dist/tex/latex/graphics-def/luatex.def
File: luatex.def 2024/04/13 v1.2e Graphics/color driver for luatex
))
\Gin@req@height=\dimen172
\Gin@req@width=\dimen173
)
(c:/texlive/2025/texmf-dist/tex/latex/caption/caption.sty
Package: caption 2023/08/05 v3.6o Customizing captions (AR)

(c:/texlive/2025/texmf-dist/tex/latex/caption/caption3.sty
Package: caption3 2023/07/31 v2.4d caption3 kernel (AR)
\caption@tempdima=\dimen174
\captionmargin=\dimen175
\caption@leftmargin=\dimen176
\caption@rightmargin=\dimen177
\caption@width=\dimen178
\caption@indent=\dimen179
\caption@parindent=\dimen180
\caption@hangindent=\dimen181
Package caption Info: Standard document class detected.
Package caption Info: french babel package is loaded.
)
\c@caption@flags=\count303
\c@continuedfloat=\count304
)
(c:/texlive/2025/texmf-dist/tex/latex/tools/array.sty
Package: array 2024/10/17 v2.6g Tabular extension package (FMi)
\col@sep=\dimen182
\ar@mcellbox=\box56
\extrarowheight=\dimen183
\NC@list=\toks27
\extratabsurround=\skip69
\backup@length=\skip70
\ar@cellbox=\box57
)
(c:/texlive/2025/texmf-dist/tex/latex/tools/longtable.sty
Package: longtable 2024-10-27 v4.22 Multi-page Table package (DPC)
\LTleft=\skip71
\LTright=\skip72
\LTpre=\skip73
\LTpost=\skip74
\LTchunksize=\count305
\LTcapwidth=\dimen184
\LT@head=\box58
\LT@firsthead=\box59
\LT@foot=\box60
\LT@lastfoot=\box61
\LT@gbox=\box62
\LT@cols=\count306
\LT@rows=\count307
\c@LT@tables=\count308
\c@LT@chunks=\count309
\LT@p@ftn=\toks28
)
(c:/texlive/2025/texmf-dist/tex/latex/tools/tabularx.sty
Package: tabularx 2023/12/11 v2.12a `tabularx' package (DPC)
\TX@col@width=\dimen185
\TX@old@table=\dimen186
\TX@old@col=\dimen187
\TX@target=\dimen188
\TX@delta=\dimen189
\TX@cols=\count310
\TX@ftn=\toks29
)
(c:/texlive/2025/texmf-dist/tex/latex/booktabs/booktabs.sty
Package: booktabs 2020/01/12 v1.61803398 Publication quality tables
\heavyrulewidth=\dimen190
\lightrulewidth=\dimen191
\cmidrulewidth=\dimen192
\belowrulesep=\dimen193
\belowbottomsep=\dimen194
\aboverulesep=\dimen195
\abovetopsep=\dimen196
\cmidrulesep=\dimen197
\cmidrulekern=\dimen198
\defaultaddspace=\dimen199
\@cmidla=\count311
\@cmidlb=\count312
\@aboverulesep=\dimen256
\@belowrulesep=\dimen257
\@thisruleclass=\count313
\@lastruleclass=\count314
\@thisrulewidth=\dimen258
)
(c:/texlive/2025/texmf-dist/tex/latex/verse/verse.sty
Package: verse 2014/05/10 v2.4b verse typesetting
\c@vslineno=\count315
\c@poemline=\count316
\c@fvsline=\count317
\c@modulo@vs=\count318
\c@verse@envctr=\count319
\versewidth=\skip75
\vgap=\skip76
\vindent=\skip77
\stanzaskip=\skip78
\vleftskip=\skip79
\vrightskip=\skip80
\c@chrsinstr=\count320
\beforepoemtitleskip=\skip81
\afterpoemtitleskip=\skip82
)
(c:/texlive/2025/texmf-dist/tex/latex/ragged2e/ragged2e.sty
Package: ragged2e 2023/06/22 v3.6 ragged2e Package
\CenteringLeftskip=\skip83
\RaggedLeftLeftskip=\skip84
\RaggedRightLeftskip=\skip85
\CenteringRightskip=\skip86
\RaggedLeftRightskip=\skip87
\RaggedRightRightskip=\skip88
\CenteringParfillskip=\skip89
\RaggedLeftParfillskip=\skip90
\RaggedRightParfillskip=\skip91
\JustifyingParfillskip=\skip92
\CenteringParindent=\skip93
\RaggedLeftParindent=\skip94
\RaggedRightParindent=\skip95
\JustifyingParindent=\skip96
)
(c:/texlive/2025/texmf-dist/tex/latex/xurl/xurl.sty
Package: xurl 2022/01/09 v 0.10 modify URL breaks

(c:/texlive/2025/texmf-dist/tex/latex/url/url.sty
\Urlmuskip=\muskip17
Package: url 2013/09/16  ver 3.4  Verb mode for urls, etc.
))
(c:/texlive/2025/texmf-dist/tex/latex/hyperref/hyperref.sty
Package: hyperref 2024-11-05 v7.01l Hypertext links for LaTeX

(c:/texlive/2025/texmf-dist/tex/latex/kvsetkeys/kvsetkeys.sty
Package: kvsetkeys 2022-10-05 v1.19 Key value parser (HO)
)
(c:/texlive/2025/texmf-dist/tex/generic/kvdefinekeys/kvdefinekeys.sty
Package: kvdefinekeys 2019-12-19 v1.6 Define keys (HO)
)
(c:/texlive/2025/texmf-dist/tex/generic/pdfescape/pdfescape.sty
Package: pdfescape 2019/12/09 v1.15 Implements pdfTeX's escape features (HO)

(c:/texlive/2025/texmf-dist/tex/generic/ltxcmds/ltxcmds.sty
Package: ltxcmds 2023-12-04 v1.26 LaTeX kernel commands for general use (HO)
)
(c:/texlive/2025/texmf-dist/tex/generic/pdftexcmds/pdftexcmds.sty
Package: pdftexcmds 2020-06-27 v0.33 Utility functions of pdfTeX for LuaTeX (HO
)

(c:/texlive/2025/texmf-dist/tex/generic/infwarerr/infwarerr.sty
Package: infwarerr 2019/12/03 v1.5 Providing info/warning/error messages (HO)
)
Package pdftexcmds Info: \pdf@primitive is available.
Package pdftexcmds Info: \pdf@ifprimitive is available.
Package pdftexcmds Info: \pdfdraftmode found.
\pdftexcmds@toks=\toks30
))
(c:/texlive/2025/texmf-dist/tex/latex/hycolor/hycolor.sty
Package: hycolor 2020-01-27 v1.10 Color options for hyperref/bookmark (HO)
)
(c:/texlive/2025/texmf-dist/tex/latex/hyperref/nameref.sty
Package: nameref 2023-11-26 v2.56 Cross-referencing by name of section

(c:/texlive/2025/texmf-dist/tex/latex/refcount/refcount.sty
Package: refcount 2019/12/15 v3.6 Data extraction from label references (HO)
)
(c:/texlive/2025/texmf-dist/tex/generic/gettitlestring/gettitlestring.sty
Package: gettitlestring 2019/12/15 v1.6 Cleanup title references (HO)

(c:/texlive/2025/texmf-dist/tex/latex/kvoptions/kvoptions.sty
Package: kvoptions 2022-06-15 v3.15 Key value format for package options (HO)
))
\c@section@level=\count321
)
(c:/texlive/2025/texmf-dist/tex/generic/stringenc/stringenc.sty
Package: stringenc 2019/11/29 v1.12 Convert strings between diff. encodings (HO
)
)
\@linkdim=\dimen259
\Hy@linkcounter=\count322
\Hy@pagecounter=\count323

(c:/texlive/2025/texmf-dist/tex/latex/hyperref/pd1enc.def
File: pd1enc.def 2024-11-05 v7.01l Hyperref: PDFDocEncoding definition (HO)
)
(c:/texlive/2025/texmf-dist/tex/generic/intcalc/intcalc.sty
Package: intcalc 2019/12/15 v1.3 Expandable calculations with integers (HO)
)
\Hy@SavedSpaceFactor=\count324

(c:/texlive/2025/texmf-dist/tex/latex/hyperref/puenc.def
File: puenc.def 2024-11-05 v7.01l Hyperref: PDF Unicode definition (HO)
)
Package hyperref Info: Option `unicode' set `true' on input line 4040.
Package hyperref Info: Option `pdfusetitle' set `true' on input line 4040.
Package hyperref Info: Hyper figures OFF on input line 4157.
Package hyperref Info: Link nesting OFF on input line 4162.
Package hyperref Info: Hyper index ON on input line 4165.
Package hyperref Info: Plain pages OFF on input line 4172.
Package hyperref Info: Backreferencing OFF on input line 4177.
Package hyperref Info: Implicit mode ON; LaTeX internals redefined.
Package hyperref Info: Bookmarks ON on input line 4424.
\c@Hy@tempcnt=\count325
LaTeX Info: Redefining \url on input line 4763.
\XeTeXLinkMargin=\dimen260

(c:/texlive/2025/texmf-dist/tex/generic/bitset/bitset.sty
Package: bitset 2019/12/09 v1.3 Handle bit-vector datatype (HO)

(c:/texlive/2025/texmf-dist/tex/generic/bigintcalc/bigintcalc.sty
Package: bigintcalc 2019/12/15 v1.5 Expandable calculations on big integers (HO
)
))
\Fld@menulength=\count326
\Field@Width=\dimen261
\Fld@charsize=\dimen262
Package hyperref Info: Hyper figures OFF on input line 6042.
Package hyperref Info: Link nesting OFF on input line 6047.
Package hyperref Info: Hyper index ON on input line 6050.
Package hyperref Info: backreferencing OFF on input line 6057.
Package hyperref Info: Link coloring OFF on input line 6062.
Package hyperref Info: Link coloring with OCG OFF on input line 6067.
Package hyperref Info: PDF/A mode OFF on input line 6072.

(c:/texlive/2025/texmf-dist/tex/latex/base/atbegshi-ltx.sty
Package: atbegshi-ltx 2021/01/10 v1.0c Emulation of the original atbegshi
package with kernel methods
)
\Hy@abspage=\count327
\c@Item=\count328
\c@Hfootnote=\count329
)
Package hyperref Info: Driver (autodetected): hluatex.

(c:/texlive/2025/texmf-dist/tex/latex/hyperref/hluatex.def
File: hluatex.def 2024-11-05 v7.01l Hyperref driver for luaTeX

(c:/texlive/2025/texmf-dist/tex/latex/base/atveryend-ltx.sty
Package: atveryend-ltx 2020/08/19 v1.0a Emulation of the original atveryend pac
kage
with kernel methods
)
\Fld@listcount=\count330
\c@bookmark@seq@number=\count331

(c:/texlive/2025/texmf-dist/tex/latex/rerunfilecheck/rerunfilecheck.sty
Package: rerunfilecheck 2022-07-10 v1.10 Rerun checks for auxiliary files (HO)

(c:/texlive/2025/texmf-dist/tex/generic/uniquecounter/uniquecounter.sty
Package: uniquecounter 2019/12/15 v1.4 Provide unlimited unique counter (HO)
)
Package uniquecounter Info: New unique counter `rerunfilecheck' on input line 2
85.
)
\Hy@SectionHShift=\skip97
)
(c:/texlive/2025/texmf-dist/tex/latex/bookmark/bookmark.sty
Package: bookmark 2023-12-10 v1.31 PDF bookmarks (HO)

(c:/texlive/2025/texmf-dist/tex/latex/bookmark/bkm-pdftex.def
File: bkm-pdftex.def 2023-12-10 v1.31 bookmark driver for pdfTeX and luaTeX (HO
)
\BKM@id=\count332
))
Package csquotes Info: Checking for multilingual support...
Package csquotes Info: ... found 'babel' package.
Package csquotes Info: Adjusting default style.
Package csquotes Info: Redefining alias 'default' -> 'french'.

(c:/impression2/.audit_f1/stable/book.aux)
\openout1 = book.aux

LaTeX Font Info:    Checking defaults for OML/cmm/m/it on input line 264.
LaTeX Font Info:    ... okay on input line 264.
LaTeX Font Info:    Checking defaults for OMS/cmsy/m/n on input line 264.
LaTeX Font Info:    ... okay on input line 264.
LaTeX Font Info:    Checking defaults for OT1/cmr/m/n on input line 264.
LaTeX Font Info:    ... okay on input line 264.
LaTeX Font Info:    Checking defaults for T1/cmr/m/n on input line 264.
LaTeX Font Info:    ... okay on input line 264.
LaTeX Font Info:    Checking defaults for TS1/cmr/m/n on input line 264.
LaTeX Font Info:    ... okay on input line 264.
LaTeX Font Info:    Checking defaults for TU/lmr/m/n on input line 264.
LaTeX Font Info:    ... okay on input line 264.
LaTeX Font Info:    Checking defaults for OMX/cmex/m/n on input line 264.
LaTeX Font Info:    ... okay on input line 264.
LaTeX Font Info:    Checking defaults for U/cmr/m/n on input line 264.
LaTeX Font Info:    ... okay on input line 264.
LaTeX Font Info:    Checking defaults for PD1/pdf/m/n on input line 264.
LaTeX Font Info:    ... okay on input line 264.
LaTeX Font Info:    Checking defaults for PU/pdf/m/n on input line 264.
LaTeX Font Info:    ... okay on input line 264.

*geometry* driver: auto-detecting
*geometry* detected driver: luatex
*geometry* verbose mode - [ preamble ] result:
* driver: luatex
* paper: custom
* layout: <same size as paper>
* layoutoffset:(h,v)=(0.0pt,0.0pt)
* modes: twoside 
* h-part:(L,W,R)=(65.44133pt, 310.13506pt, 65.44133pt)
* v-part:(T,H,B)=(85.35826pt, 514.99489pt, 54.06023pt)
* \paperwidth=441.01772pt
* \paperheight=654.41338pt
* \textwidth=310.13506pt
* \textheight=514.99489pt
* \oddsidemargin=-6.82866pt
* \evensidemargin=-6.82866pt
* \topmargin=-23.67392pt
* \headheight=14.0pt
* \headsep=22.76219pt
* \topskip=12.0pt
* \footskip=28.45274pt
* \marginparwidth=98.0pt
* \marginparsep=7.0pt
* \columnsep=10.0pt
* \skip\footins=17.39995pt
* \hoffset=0.0pt
* \voffset=0.0pt
* \mag=1000
* \@twocolumnfalse
* \@twosidetrue
* \@mparswitchtrue
* \@reversemarginfalse
* (1in=72.27pt=25.4mm, 1cm=28.453pt)


Package fontspec Info: 
(fontspec)             Adjusting the maths setup (use [no-math] to avoid
(fontspec)             this).

\symlegacymaths=\mathgroup4
LaTeX Font Info:    Overwriting symbol font `legacymaths' in version `bold'
(Font)                  OT1/cmr/m/n --> OT1/cmr/bx/n on input line 264.
LaTeX Font Info:    Redeclaring math accent \acute on input line 264.
LaTeX Font Info:    Redeclaring math accent \grave on input line 264.
LaTeX Font Info:    Redeclaring math accent \ddot on input line 264.
LaTeX Font Info:    Redeclaring math accent \tilde on input line 264.
LaTeX Font Info:    Redeclaring math accent \bar on input line 264.
LaTeX Font Info:    Redeclaring math accent \breve on input line 264.
LaTeX Font Info:    Redeclaring math accent \check on input line 264.
LaTeX Font Info:    Redeclaring math accent \hat on input line 264.
LaTeX Font Info:    Redeclaring math accent \dot on input line 264.
LaTeX Font Info:    Redeclaring math accent \mathring on input line 264.
LaTeX Font Info:    Redeclaring math symbol \colon on input line 264.
LaTeX Font Info:    Redeclaring math symbol \Gamma on input line 264.
LaTeX Font Info:    Redeclaring math symbol \Delta on input line 264.
LaTeX Font Info:    Redeclaring math symbol \Theta on input line 264.
LaTeX Font Info:    Redeclaring math symbol \Lambda on input line 264.
LaTeX Font Info:    Redeclaring math symbol \Xi on input line 264.
LaTeX Font Info:    Redeclaring math symbol \Pi on input line 264.
LaTeX Font Info:    Redeclaring math symbol \Sigma on input line 264.
LaTeX Font Info:    Redeclaring math symbol \Upsilon on input line 264.
LaTeX Font Info:    Redeclaring math symbol \Phi on input line 264.
LaTeX Font Info:    Redeclaring math symbol \Psi on input line 264.
LaTeX Font Info:    Redeclaring math symbol \Omega on input line 264.
LaTeX Font Info:    Redeclaring math symbol \mathdollar on input line 264.
LaTeX Font Info:    Redeclaring symbol font `operators' on input line 264.
LaTeX Font Info:    Encoding `OT1' has changed to `TU' for symbol font
(Font)              `operators' in the math version `normal' on input line 264.

LaTeX Font Info:    Overwriting symbol font `operators' in version `normal'
(Font)                  OT1/cmr/m/n --> TU/ChaparralPro(0)/m/n on input line 26
4.
LaTeX Font Info:    Encoding `OT1' has changed to `TU' for symbol font
(Font)              `operators' in the math version `bold' on input line 264.
LaTeX Font Info:    Overwriting symbol font `operators' in version `bold'
(Font)                  OT1/cmr/bx/n --> TU/ChaparralPro(0)/m/n on input line 2
64.
LaTeX Font Info:    Overwriting symbol font `operators' in version `normal'
(Font)                  TU/ChaparralPro(0)/m/n --> TU/ChaparralPro(0)/m/n on in
put line 264.
LaTeX Font Info:    Overwriting math alphabet `\mathit' in version `normal'
(Font)                  OT1/cmr/m/it --> TU/ChaparralPro(0)/m/it on input line 
264.
LaTeX Font Info:    Overwriting math alphabet `\mathbf' in version `normal'
(Font)                  OT1/cmr/bx/n --> TU/ChaparralPro(0)/b/n on input line 2
64.
LaTeX Font Info:    Overwriting math alphabet `\mathsf' in version `normal'
(Font)                  OT1/cmss/m/n --> TU/lmss/m/n on input line 264.
LaTeX Font Info:    Overwriting math alphabet `\mathtt' in version `normal'
(Font)                  OT1/cmtt/m/n --> TU/LatinModernMono(0)/m/n on input lin
e 264.
LaTeX Font Info:    Overwriting symbol font `operators' in version `bold'
(Font)                  TU/ChaparralPro(0)/m/n --> TU/ChaparralPro(0)/b/n on in
put line 264.
LaTeX Font Info:    Overwriting math alphabet `\mathit' in version `bold'
(Font)                  OT1/cmr/bx/it --> TU/ChaparralPro(0)/b/it on input line
 264.
LaTeX Font Info:    Overwriting math alphabet `\mathsf' in version `bold'
(Font)                  OT1/cmss/bx/n --> TU/lmss/b/n on input line 264.
LaTeX Font Info:    Overwriting math alphabet `\mathtt' in version `bold'
(Font)                  OT1/cmtt/m/n --> TU/LatinModernMono(0)/b/n on input lin
e 264.
Package french.ldf Info: Setting StandardItemizeEnv=true for
(french.ldf)             compatibility with enumitem package,
(french.ldf)             reported on input line 264.
Package french.ldf Info: Setting StandardEnumerateEnv=true for
(french.ldf)             compatibility with enumitem package,
(french.ldf)             reported on input line 264.
LaTeX Info: Redefining \up on input line 264.
LaTeX Info: Redefining \microtypecontext on input line 264.
Package microtype Info: Applying patch `item' on input line 264.
Package microtype Info: Applying patch `toc' on input line 264.
Package microtype Info: Applying patch `eqnum' on input line 264.
Package microtype Info: Applying patch `footnote' on input line 264.
Package microtype Info: Applying patch `verbatim' on input line 264.
LaTeX Info: Redefining \microtypesetup on input line 264.
Package microtype Info: Generating PDF output.
Package microtype Info: Character protrusion enabled (level 2).
Package microtype Info: Using default protrusion set `alltext'.
Package microtype Info: Automatic font expansion enabled (level 2),
(microtype)             stretch: 20, shrink: 20, step: 1, non-selected.
Package microtype Info: Using default expansion set `alltext-nott'.
LaTeX Info: Redefining \showhyphens on input line 264.
Package microtype Info: No adjustment of tracking.
Package microtype Info: No adjustment of spacing.
Package microtype Info: No adjustment of kerning.
Package microtype Info: Loading generic protrusion settings for font family
(microtype)             `ChaparralPro' (encoding: TU).
(microtype)             For optimal results, create family-specific settings.
(microtype)             See the microtype manual for details.
(c:/texlive/2025/texmf-dist/tex/context/base/mkii/supp-pdf.mkii
[Loading MPS to PDF converter (version 2006.09.02).]
\scratchcounter=\count333
\scratchdimen=\dimen263
\scratchbox=\box63
\nofMPsegments=\count334
\nofMParguments=\count335
\everyMPshowfont=\toks31
\MPscratchCnt=\count336
\MPscratchDim=\dimen264
\MPnumerator=\count337
\makeMPintoPDFobject=\count338
\everyMPtoPDFconversion=\toks32
) (c:/texlive/2025/texmf-dist/tex/latex/epstopdf-pkg/epstopdf-base.sty
Package: epstopdf-base 2020-01-24 v2.11 Base part for package epstopdf
Package epstopdf-base Info: Redefining graphics rule for `.eps' on input line 4
85.

(c:/texlive/2025/texmf-dist/tex/latex/latexconfig/epstopdf-sys.cfg
File: epstopdf-sys.cfg 2010/07/13 v1.3 Configuration of (r)epstopdf for TeX Liv
e
))
Package caption Info: Begin \AtBeginDocument code.
Package caption Info: hyperref package is loaded.
Package caption Info: longtable package is loaded.

(c:/texlive/2025/texmf-dist/tex/latex/caption/ltcaption.sty
Package: ltcaption 2021/01/08 v1.4c longtable captions (AR)
)
Package caption Info: End \AtBeginDocument code.
Package hyperref Info: Link coloring OFF on input line 264.


[1


{c:/texlive/2025/texmf-var/fonts/map/pdftex/updmap/pdftex.map}]

[2


]
Package microtype Info: Loading generic protrusion settings for font family
(microtype)             `JosefinSans' (encoding: TU).
(microtype)             For optimal results, create family-specific settings.
(microtype)             See the microtype manual for details.



warning  (pdf backend): ignoring duplicate destination with the name 'page.1'
[1


]


warning  (pdf backend): ignoring duplicate destination with the name 'page.2'
[2

]
LaTeX Font Info:    External font `cmex10' loaded for size
(Font)              <12> on input line 314.
LaTeX Font Info:    External font `cmex10' loaded for size
(Font)              <8> on input line 314.
LaTeX Font Info:    External font `cmex10' loaded for size
(Font)              <6> on input line 314.
 (c:/texlive/2025/texmf-dist/tex/latex/microtype/mt-cmr.cfg
File: mt-cmr.cfg 2013/05/19 v2.2 microtype config. file: Computer Modern Roman 
(RS)
)
LaTeX Font Info:    External font `cmex10' loaded for size
(Font)              <7> on input line 314.
LaTeX Font Info:    External font `cmex10' loaded for size
(Font)              <5> on input line 314.


[3

]


Package fancyhdr Warning: \headheight is too small (14.0pt): 
(fancyhdr)                Make it at least 14.94243pt, for example:
(fancyhdr)                \setlength{\headheight}{14.94243pt}.
(fancyhdr)                You might also make \topmargin smaller:
(fancyhdr)                \addtolength{\topmargin}{-0.94243pt}.

[4]

[5]


Package fancyhdr Warning: \headheight is too small (14.0pt): 
(fancyhdr)                Make it at least 14.94243pt, for example:
(fancyhdr)                \setlength{\headheight}{14.94243pt}.
(fancyhdr)                You might also make \topmargin smaller:
(fancyhdr)                \addtolength{\topmargin}{-0.94243pt}.

[6]
Underfull \hbox (badness 2600) in paragraph at lines 328--329
\TU/ChaparralPro(0)/m/n/12 Tarn-et-Garonne) nous em-mène en-suite dans la col-l
é-giale
 []


Underfull \hbox (badness 10000) in paragraph at lines 328--329
\TU/ChaparralPro(0)/m/n/12 Saint-Jean-Baptiste/Saint-Louis de Castelnau-Bretenou
x
 []



[7]


Package fancyhdr Warning: \headheight is too small (14.0pt): 
(fancyhdr)                Make it at least 14.94243pt, for example:
(fancyhdr)                \setlength{\headheight}{14.94243pt}.
(fancyhdr)                You might also make \topmargin smaller:
(fancyhdr)                \addtolength{\topmargin}{-0.94243pt}.

[8]

[9]

[10

]
Chapitre 1.


[11

]


Package fancyhdr Warning: \headheight is too small (14.0pt): 
(fancyhdr)                Make it at least 14.94243pt, for example:
(fancyhdr)                \setlength{\headheight}{14.94243pt}.
(fancyhdr)                You might also make \topmargin smaller:
(fancyhdr)                \addtolength{\topmargin}{-0.94243pt}.

[12]

[13]


Package fancyhdr Warning: \headheight is too small (14.0pt): 
(fancyhdr)                Make it at least 14.94243pt, for example:
(fancyhdr)                \setlength{\headheight}{14.94243pt}.
(fancyhdr)                You might also make \topmargin smaller:
(fancyhdr)                \addtolength{\topmargin}{-0.94243pt}.

[14]

[15]


Package fancyhdr Warning: \headheight is too small (14.0pt): 
(fancyhdr)                Make it at least 14.94243pt, for example:
(fancyhdr)                \setlength{\headheight}{14.94243pt}.
(fancyhdr)                You might also make \topmargin smaller:
(fancyhdr)                \addtolength{\topmargin}{-0.94243pt}.

[16
Missing character: There is no ‑ (U+2011) in font "name:Chaparral Pro:mode=nod
e;script=latn;language=dflt;+tlig;"!
]

[17]
Underfull \hbox (badness 6348) in paragraph at lines 377--377
[][][]\TU/ChaparralPro(0)/m/n/10 .[][]New York Pu-blic Li-brary, ms Spen-cer 50,
 []https://di-gi-tal-col-lec-
 []




Package fancyhdr Warning: \headheight is too small (14.0pt): 
(fancyhdr)                Make it at least 14.94243pt, for example:
(fancyhdr)                \setlength{\headheight}{14.94243pt}.
(fancyhdr)                You might also make \topmargin smaller:
(fancyhdr)                \addtolength{\topmargin}{-0.94243pt}.

[18
Missing character: There is no ‑ (U+2011) in font "name:Chaparral Pro:mode=nod
e;script=latn;language=dflt;+tlig;"!
]
Underfull \hbox (badness 5022) in paragraph at lines 389--389
[][][]\TU/ChaparralPro(0)/m/n/10 .[][]BAV, Capp.Sist.160, []https://digi.vat-lib
.it/view/MSS_Capp.Sist.160[]
 []



[19]


Package fancyhdr Warning: \headheight is too small (14.0pt): 
(fancyhdr)                Make it at least 14.94243pt, for example:
(fancyhdr)                \setlength{\headheight}{14.94243pt}.
(fancyhdr)                You might also make \topmargin smaller:
(fancyhdr)                \addtolength{\topmargin}{-0.94243pt}.

[20
Missing character: There is no ‑ (U+2011) in font "name:Chaparral Pro:mode=nod
e;script=latn;language=dflt;+tlig;"!
Missing character: There is no ‑ (U+2011) in font "name:Chaparral Pro:mode=nod
e;script=latn;language=dflt;+tlig;"!
]
Underfull \hbox (badness 10000) in paragraph at lines 393--393
[][][]\TU/ChaparralPro(0)/m/n/10 .[][]BAV, Capp.Sist.160, []https://digi.vat-
 []



[21
Missing character: There is no ‑ (U+2011) in font "name:Chaparral Pro:mode=nod
e;script=latn;language=dflt;+tlig;"!
]


Package fancyhdr Warning: \headheight is too small (14.0pt): 
(fancyhdr)                Make it at least 14.94243pt, for example:
(fancyhdr)                \setlength{\headheight}{14.94243pt}.
(fancyhdr)                You might also make \topmargin smaller:
(fancyhdr)                \addtolength{\topmargin}{-0.94243pt}.

[22
Missing character: There is no ‑ (U+2011) in font "name:Chaparral Pro:mode=nod
e;script=latn;language=dflt;+tlig;"!
]

[23]


Package fancyhdr Warning: \headheight is too small (14.0pt): 
(fancyhdr)                Make it at least 14.94243pt, for example:
(fancyhdr)                \setlength{\headheight}{14.94243pt}.
(fancyhdr)                You might also make \topmargin smaller:
(fancyhdr)                \addtolength{\topmargin}{-0.94243pt}.

[24
Missing character: There is no ‑ (U+2011) in font "name:Chaparral Pro:mode=nod
e;script=latn;language=dflt;+tlig;"!
]

[25]


Package fancyhdr Warning: \headheight is too small (14.0pt): 
(fancyhdr)                Make it at least 14.94243pt, for example:
(fancyhdr)                \setlength{\headheight}{14.94243pt}.
(fancyhdr)                You might also make \topmargin smaller:
(fancyhdr)                \addtolength{\topmargin}{-0.94243pt}.

[26]
Chapitre 2.


[27

]
LaTeX Font Info:    Calculating math sizes for size <11> on input line 468.


LaTeX Font Warning: Font shape `OML/cmm/m/it' in size <5.5> not available
(Font)              size <5> substituted on input line 468.


LaTeX Font Warning: Font shape `OMS/cmsy/m/n' in size <5.5> not available
(Font)              size <5> substituted on input line 468.

LaTeX Font Info:    External font `cmex10' loaded for size
(Font)              <11> on input line 468.
LaTeX Font Info:    External font `cmex10' loaded for size
(Font)              <7.69997> on input line 468.
LaTeX Font Info:    External font `cmex10' loaded for size
(Font)              <5.5> on input line 468.

LaTeX Font Warning: Font shape `OT1/cmr/m/n' in size <5.5> not available
(Font)              size <5> substituted on input line 468.




Package fancyhdr Warning: \headheight is too small (14.0pt): 
(fancyhdr)                Make it at least 14.94243pt, for example:
(fancyhdr)                \setlength{\headheight}{14.94243pt}.
(fancyhdr)                You might also make \topmargin smaller:
(fancyhdr)                \addtolength{\topmargin}{-0.94243pt}.

[28]

[29]


Package fancyhdr Warning: \headheight is too small (14.0pt): 
(fancyhdr)                Make it at least 14.94243pt, for example:
(fancyhdr)                \setlength{\headheight}{14.94243pt}.
(fancyhdr)                You might also make \topmargin smaller:
(fancyhdr)                \addtolength{\topmargin}{-0.94243pt}.

[30]

[31]


Package fancyhdr Warning: \headheight is too small (14.0pt): 
(fancyhdr)                Make it at least 14.94243pt, for example:
(fancyhdr)                \setlength{\headheight}{14.94243pt}.
(fancyhdr)                You might also make \topmargin smaller:
(fancyhdr)                \addtolength{\topmargin}{-0.94243pt}.

[32]

[33]


Package fancyhdr Warning: \headheight is too small (14.0pt): 
(fancyhdr)                Make it at least 14.94243pt, for example:
(fancyhdr)                \setlength{\headheight}{14.94243pt}.
(fancyhdr)                You might also make \topmargin smaller:
(fancyhdr)                \addtolength{\topmargin}{-0.94243pt}.

[34]

[35]


Package fancyhdr Warning: \headheight is too small (14.0pt): 
(fancyhdr)                Make it at least 14.94243pt, for example:
(fancyhdr)                \setlength{\headheight}{14.94243pt}.
(fancyhdr)                You might also make \topmargin smaller:
(fancyhdr)                \addtolength{\topmargin}{-0.94243pt}.

[36]

[37]


Package fancyhdr Warning: \headheight is too small (14.0pt): 
(fancyhdr)                Make it at least 14.94243pt, for example:
(fancyhdr)                \setlength{\headheight}{14.94243pt}.
(fancyhdr)                You might also make \topmargin smaller:
(fancyhdr)                \addtolength{\topmargin}{-0.94243pt}.

[38]

[39]


Package fancyhdr Warning: \headheight is too small (14.0pt): 
(fancyhdr)                Make it at least 14.94243pt, for example:
(fancyhdr)                \setlength{\headheight}{14.94243pt}.
(fancyhdr)                You might also make \topmargin smaller:
(fancyhdr)                \addtolength{\topmargin}{-0.94243pt}.

[40]

[41]


Package fancyhdr Warning: \headheight is too small (14.0pt): 
(fancyhdr)                Make it at least 14.94243pt, for example:
(fancyhdr)                \setlength{\headheight}{14.94243pt}.
(fancyhdr)                You might also make \topmargin smaller:
(fancyhdr)                \addtolength{\topmargin}{-0.94243pt}.

[42]

[43]


Package fancyhdr Warning: \headheight is too small (14.0pt): 
(fancyhdr)                Make it at least 14.94243pt, for example:
(fancyhdr)                \setlength{\headheight}{14.94243pt}.
(fancyhdr)                You might also make \topmargin smaller:
(fancyhdr)                \addtolength{\topmargin}{-0.94243pt}.

[44]

[45]


Package fancyhdr Warning: \headheight is too small (14.0pt): 
(fancyhdr)                Make it at least 14.94243pt, for example:
(fancyhdr)                \setlength{\headheight}{14.94243pt}.
(fancyhdr)                You might also make \topmargin smaller:
(fancyhdr)                \addtolength{\topmargin}{-0.94243pt}.

[46]

[47]


Package fancyhdr Warning: \headheight is too small (14.0pt): 
(fancyhdr)                Make it at least 14.94243pt, for example:
(fancyhdr)                \setlength{\headheight}{14.94243pt}.
(fancyhdr)                You might also make \topmargin smaller:
(fancyhdr)                \addtolength{\topmargin}{-0.94243pt}.

[48]

[49]


Package fancyhdr Warning: \headheight is too small (14.0pt): 
(fancyhdr)                Make it at least 14.94243pt, for example:
(fancyhdr)                \setlength{\headheight}{14.94243pt}.
(fancyhdr)                You might also make \topmargin smaller:
(fancyhdr)                \addtolength{\topmargin}{-0.94243pt}.

[50]

[51]


Package fancyhdr Warning: \headheight is too small (14.0pt): 
(fancyhdr)                Make it at least 14.94243pt, for example:
(fancyhdr)                \setlength{\headheight}{14.94243pt}.
(fancyhdr)                You might also make \topmargin smaller:
(fancyhdr)                \addtolength{\topmargin}{-0.94243pt}.

[52]
Chapitre 3.


[53

]


Package fancyhdr Warning: \headheight is too small (14.0pt): 
(fancyhdr)                Make it at least 14.94243pt, for example:
(fancyhdr)                \setlength{\headheight}{14.94243pt}.
(fancyhdr)                You might also make \topmargin smaller:
(fancyhdr)                \addtolength{\topmargin}{-0.94243pt}.

[54]


Package fancyhdr Warning: \headheight is too small (14.0pt): 
(fancyhdr)                Make it at least 14.20879pt, for example:
(fancyhdr)                \setlength{\headheight}{14.20879pt}.
(fancyhdr)                You might also make \topmargin smaller:
(fancyhdr)                \addtolength{\topmargin}{-0.20879pt}.

[55]


Package fancyhdr Warning: \headheight is too small (14.0pt): 
(fancyhdr)                Make it at least 14.94243pt, for example:
(fancyhdr)                \setlength{\headheight}{14.94243pt}.
(fancyhdr)                You might also make \topmargin smaller:
(fancyhdr)                \addtolength{\topmargin}{-0.94243pt}.

[56]


Package fancyhdr Warning: \headheight is too small (14.0pt): 
(fancyhdr)                Make it at least 14.20879pt, for example:
(fancyhdr)                \setlength{\headheight}{14.20879pt}.
(fancyhdr)                You might also make \topmargin smaller:
(fancyhdr)                \addtolength{\topmargin}{-0.20879pt}.

[57]


Package fancyhdr Warning: \headheight is too small (14.0pt): 
(fancyhdr)                Make it at least 14.94243pt, for example:
(fancyhdr)                \setlength{\headheight}{14.94243pt}.
(fancyhdr)                You might also make \topmargin smaller:
(fancyhdr)                \addtolength{\topmargin}{-0.94243pt}.

[58]


Package fancyhdr Warning: \headheight is too small (14.0pt): 
(fancyhdr)                Make it at least 14.20879pt, for example:
(fancyhdr)                \setlength{\headheight}{14.20879pt}.
(fancyhdr)                You might also make \topmargin smaller:
(fancyhdr)                \addtolength{\topmargin}{-0.20879pt}.

[59]


Package fancyhdr Warning: \headheight is too small (14.0pt): 
(fancyhdr)                Make it at least 14.94243pt, for example:
(fancyhdr)                \setlength{\headheight}{14.94243pt}.
(fancyhdr)                You might also make \topmargin smaller:
(fancyhdr)                \addtolength{\topmargin}{-0.94243pt}.

[60]


Package fancyhdr Warning: \headheight is too small (14.0pt): 
(fancyhdr)                Make it at least 14.20879pt, for example:
(fancyhdr)                \setlength{\headheight}{14.20879pt}.
(fancyhdr)                You might also make \topmargin smaller:
(fancyhdr)                \addtolength{\topmargin}{-0.20879pt}.

[61]


Package fancyhdr Warning: \headheight is too small (14.0pt): 
(fancyhdr)                Make it at least 14.94243pt, for example:
(fancyhdr)                \setlength{\headheight}{14.94243pt}.
(fancyhdr)                You might also make \topmargin smaller:
(fancyhdr)                \addtolength{\topmargin}{-0.94243pt}.

[62]


Package fancyhdr Warning: \headheight is too small (14.0pt): 
(fancyhdr)                Make it at least 14.20879pt, for example:
(fancyhdr)                \setlength{\headheight}{14.20879pt}.
(fancyhdr)                You might also make \topmargin smaller:
(fancyhdr)                \addtolength{\topmargin}{-0.20879pt}.

[63]


Package fancyhdr Warning: \headheight is too small (14.0pt): 
(fancyhdr)                Make it at least 14.94243pt, for example:
(fancyhdr)                \setlength{\headheight}{14.94243pt}.
(fancyhdr)                You might also make \topmargin smaller:
(fancyhdr)                \addtolength{\topmargin}{-0.94243pt}.

[64]


Package fancyhdr Warning: \headheight is too small (14.0pt): 
(fancyhdr)                Make it at least 14.20879pt, for example:
(fancyhdr)                \setlength{\headheight}{14.20879pt}.
(fancyhdr)                You might also make \topmargin smaller:
(fancyhdr)                \addtolength{\topmargin}{-0.20879pt}.

[65]


Package fancyhdr Warning: \headheight is too small (14.0pt): 
(fancyhdr)                Make it at least 14.94243pt, for example:
(fancyhdr)                \setlength{\headheight}{14.94243pt}.
(fancyhdr)                You might also make \topmargin smaller:
(fancyhdr)                \addtolength{\topmargin}{-0.94243pt}.

[66]


Package fancyhdr Warning: \headheight is too small (14.0pt): 
(fancyhdr)                Make it at least 14.20879pt, for example:
(fancyhdr)                \setlength{\headheight}{14.20879pt}.
(fancyhdr)                You might also make \topmargin smaller:
(fancyhdr)                \addtolength{\topmargin}{-0.20879pt}.

[67]


Package fancyhdr Warning: \headheight is too small (14.0pt): 
(fancyhdr)                Make it at least 14.94243pt, for example:
(fancyhdr)                \setlength{\headheight}{14.94243pt}.
(fancyhdr)                You might also make \topmargin smaller:
(fancyhdr)                \addtolength{\topmargin}{-0.94243pt}.

[68]


Package fancyhdr Warning: \headheight is too small (14.0pt): 
(fancyhdr)                Make it at least 14.20879pt, for example:
(fancyhdr)                \setlength{\headheight}{14.20879pt}.
(fancyhdr)                You might also make \topmargin smaller:
(fancyhdr)                \addtolength{\topmargin}{-0.20879pt}.

[69]


Package fancyhdr Warning: \headheight is too small (14.0pt): 
(fancyhdr)                Make it at least 14.94243pt, for example:
(fancyhdr)                \setlength{\headheight}{14.94243pt}.
(fancyhdr)                You might also make \topmargin smaller:
(fancyhdr)                \addtolength{\topmargin}{-0.94243pt}.

[70]


Package fancyhdr Warning: \headheight is too small (14.0pt): 
(fancyhdr)                Make it at least 14.20879pt, for example:
(fancyhdr)                \setlength{\headheight}{14.20879pt}.
(fancyhdr)                You might also make \topmargin smaller:
(fancyhdr)                \addtolength{\topmargin}{-0.20879pt}.

[71]


Package fancyhdr Warning: \headheight is too small (14.0pt): 
(fancyhdr)                Make it at least 14.94243pt, for example:
(fancyhdr)                \setlength{\headheight}{14.94243pt}.
(fancyhdr)                You might also make \topmargin smaller:
(fancyhdr)                \addtolength{\topmargin}{-0.94243pt}.

[72]


Package fancyhdr Warning: \headheight is too small (14.0pt): 
(fancyhdr)                Make it at least 14.20879pt, for example:
(fancyhdr)                \setlength{\headheight}{14.20879pt}.
(fancyhdr)                You might also make \topmargin smaller:
(fancyhdr)                \addtolength{\topmargin}{-0.20879pt}.

[73]


Package fancyhdr Warning: \headheight is too small (14.0pt): 
(fancyhdr)                Make it at least 14.94243pt, for example:
(fancyhdr)                \setlength{\headheight}{14.94243pt}.
(fancyhdr)                You might also make \topmargin smaller:
(fancyhdr)                \addtolength{\topmargin}{-0.94243pt}.

[74]


Package fancyhdr Warning: \headheight is too small (14.0pt): 
(fancyhdr)                Make it at least 14.20879pt, for example:
(fancyhdr)                \setlength{\headheight}{14.20879pt}.
(fancyhdr)                You might also make \topmargin smaller:
(fancyhdr)                \addtolength{\topmargin}{-0.20879pt}.

[75]


Package fancyhdr Warning: \headheight is too small (14.0pt): 
(fancyhdr)                Make it at least 14.94243pt, for example:
(fancyhdr)                \setlength{\headheight}{14.94243pt}.
(fancyhdr)                You might also make \topmargin smaller:
(fancyhdr)                \addtolength{\topmargin}{-0.94243pt}.

[76]


Package fancyhdr Warning: \headheight is too small (14.0pt): 
(fancyhdr)                Make it at least 14.20879pt, for example:
(fancyhdr)                \setlength{\headheight}{14.20879pt}.
(fancyhdr)                You might also make \topmargin smaller:
(fancyhdr)                \addtolength{\topmargin}{-0.20879pt}.

[77]


Package fancyhdr Warning: \headheight is too small (14.0pt): 
(fancyhdr)                Make it at least 14.94243pt, for example:
(fancyhdr)                \setlength{\headheight}{14.94243pt}.
(fancyhdr)                You might also make \topmargin smaller:
(fancyhdr)                \addtolength{\topmargin}{-0.94243pt}.

[78]


Package fancyhdr Warning: \headheight is too small (14.0pt): 
(fancyhdr)                Make it at least 14.20879pt, for example:
(fancyhdr)                \setlength{\headheight}{14.20879pt}.
(fancyhdr)                You might also make \topmargin smaller:
(fancyhdr)                \addtolength{\topmargin}{-0.20879pt}.

[79]


Package fancyhdr Warning: \headheight is too small (14.0pt): 
(fancyhdr)                Make it at least 14.94243pt, for example:
(fancyhdr)                \setlength{\headheight}{14.94243pt}.
(fancyhdr)                You might also make \topmargin smaller:
(fancyhdr)                \addtolength{\topmargin}{-0.94243pt}.

[80]


Package fancyhdr Warning: \headheight is too small (14.0pt): 
(fancyhdr)                Make it at least 14.20879pt, for example:
(fancyhdr)                \setlength{\headheight}{14.20879pt}.
(fancyhdr)                You might also make \topmargin smaller:
(fancyhdr)                \addtolength{\topmargin}{-0.20879pt}.

[81]


Package fancyhdr Warning: \headheight is too small (14.0pt): 
(fancyhdr)                Make it at least 14.94243pt, for example:
(fancyhdr)                \setlength{\headheight}{14.94243pt}.
(fancyhdr)                You might also make \topmargin smaller:
(fancyhdr)                \addtolength{\topmargin}{-0.94243pt}.

[82]


Package fancyhdr Warning: \headheight is too small (14.0pt): 
(fancyhdr)                Make it at least 14.20879pt, for example:
(fancyhdr)                \setlength{\headheight}{14.20879pt}.
(fancyhdr)                You might also make \topmargin smaller:
(fancyhdr)                \addtolength{\topmargin}{-0.20879pt}.

[83]
LaTeX Font Info:    External font `cmex10' loaded for size
(Font)              <10.95> on input line 854.



Package fancyhdr Warning: \headheight is too small (14.0pt): 
(fancyhdr)                Make it at least 14.94243pt, for example:
(fancyhdr)                \setlength{\headheight}{14.94243pt}.
(fancyhdr)                You might also make \topmargin smaller:
(fancyhdr)                \addtolength{\topmargin}{-0.94243pt}.

[84]


Package fancyhdr Warning: \headheight is too small (14.0pt): 
(fancyhdr)                Make it at least 14.20879pt, for example:
(fancyhdr)                \setlength{\headheight}{14.20879pt}.
(fancyhdr)                You might also make \topmargin smaller:
(fancyhdr)                \addtolength{\topmargin}{-0.20879pt}.

[85]
Chapitre 4.


[86

]

[87]


Package fancyhdr Warning: \headheight is too small (14.0pt): 
(fancyhdr)                Make it at least 14.94243pt, for example:
(fancyhdr)                \setlength{\headheight}{14.94243pt}.
(fancyhdr)                You might also make \topmargin smaller:
(fancyhdr)                \addtolength{\topmargin}{-0.94243pt}.

[88]

[89]
Underfull \hbox (badness 3471) in paragraph at lines 924--924
[][][]\TU/ChaparralPro(0)/m/n/10 .[][]\TU/ChaparralPro(0)/m/it/10 Riflessioni in
-torno alla chia-rezza dell’Ec-cel-len-tis-sima Casa Pan-phi-lia
 []




Package fancyhdr Warning: \headheight is too small (14.0pt): 
(fancyhdr)                Make it at least 14.94243pt, for example:
(fancyhdr)                \setlength{\headheight}{14.94243pt}.
(fancyhdr)                You might also make \topmargin smaller:
(fancyhdr)                \addtolength{\topmargin}{-0.94243pt}.

[90]

[91]


Package fancyhdr Warning: \headheight is too small (14.0pt): 
(fancyhdr)                Make it at least 14.94243pt, for example:
(fancyhdr)                \setlength{\headheight}{14.94243pt}.
(fancyhdr)                You might also make \topmargin smaller:
(fancyhdr)                \addtolength{\topmargin}{-0.94243pt}.

[92]

[93]


Package fancyhdr Warning: \headheight is too small (14.0pt): 
(fancyhdr)                Make it at least 14.94243pt, for example:
(fancyhdr)                \setlength{\headheight}{14.94243pt}.
(fancyhdr)                You might also make \topmargin smaller:
(fancyhdr)                \addtolength{\topmargin}{-0.94243pt}.

[94]

[95]


Package fancyhdr Warning: \headheight is too small (14.0pt): 
(fancyhdr)                Make it at least 14.94243pt, for example:
(fancyhdr)                \setlength{\headheight}{14.94243pt}.
(fancyhdr)                You might also make \topmargin smaller:
(fancyhdr)                \addtolength{\topmargin}{-0.94243pt}.

[96]

[97]


Package fancyhdr Warning: \headheight is too small (14.0pt): 
(fancyhdr)                Make it at least 14.94243pt, for example:
(fancyhdr)                \setlength{\headheight}{14.94243pt}.
(fancyhdr)                You might also make \topmargin smaller:
(fancyhdr)                \addtolength{\topmargin}{-0.94243pt}.

[98]

[99]


Package fancyhdr Warning: \headheight is too small (14.0pt): 
(fancyhdr)                Make it at least 14.94243pt, for example:
(fancyhdr)                \setlength{\headheight}{14.94243pt}.
(fancyhdr)                You might also make \topmargin smaller:
(fancyhdr)                \addtolength{\topmargin}{-0.94243pt}.

[100]

[101]


Package fancyhdr Warning: \headheight is too small (14.0pt): 
(fancyhdr)                Make it at least 14.94243pt, for example:
(fancyhdr)                \setlength{\headheight}{14.94243pt}.
(fancyhdr)                You might also make \topmargin smaller:
(fancyhdr)                \addtolength{\topmargin}{-0.94243pt}.

[102]

[103]


Package fancyhdr Warning: \headheight is too small (14.0pt): 
(fancyhdr)                Make it at least 14.94243pt, for example:
(fancyhdr)                \setlength{\headheight}{14.94243pt}.
(fancyhdr)                You might also make \topmargin smaller:
(fancyhdr)                \addtolength{\topmargin}{-0.94243pt}.

[104]

[105]


Package fancyhdr Warning: \headheight is too small (14.0pt): 
(fancyhdr)                Make it at least 14.94243pt, for example:
(fancyhdr)                \setlength{\headheight}{14.94243pt}.
(fancyhdr)                You might also make \topmargin smaller:
(fancyhdr)                \addtolength{\topmargin}{-0.94243pt}.

[106]

[107]


Package fancyhdr Warning: \headheight is too small (14.0pt): 
(fancyhdr)                Make it at least 14.94243pt, for example:
(fancyhdr)                \setlength{\headheight}{14.94243pt}.
(fancyhdr)                You might also make \topmargin smaller:
(fancyhdr)                \addtolength{\topmargin}{-0.94243pt}.

[108]

[109]


Package fancyhdr Warning: \headheight is too small (14.0pt): 
(fancyhdr)                Make it at least 14.94243pt, for example:
(fancyhdr)                \setlength{\headheight}{14.94243pt}.
(fancyhdr)                You might also make \topmargin smaller:
(fancyhdr)                \addtolength{\topmargin}{-0.94243pt}.

[110]

[111]


Package fancyhdr Warning: \headheight is too small (14.0pt): 
(fancyhdr)                Make it at least 14.94243pt, for example:
(fancyhdr)                \setlength{\headheight}{14.94243pt}.
(fancyhdr)                You might also make \topmargin smaller:
(fancyhdr)                \addtolength{\topmargin}{-0.94243pt}.

[112]

[113]


Package fancyhdr Warning: \headheight is too small (14.0pt): 
(fancyhdr)                Make it at least 14.94243pt, for example:
(fancyhdr)                \setlength{\headheight}{14.94243pt}.
(fancyhdr)                You might also make \topmargin smaller:
(fancyhdr)                \addtolength{\topmargin}{-0.94243pt}.

[114]

[115]


Package fancyhdr Warning: \headheight is too small (14.0pt): 
(fancyhdr)                Make it at least 14.94243pt, for example:
(fancyhdr)                \setlength{\headheight}{14.94243pt}.
(fancyhdr)                You might also make \topmargin smaller:
(fancyhdr)                \addtolength{\topmargin}{-0.94243pt}.

[116]

[117]


Package fancyhdr Warning: \headheight is too small (14.0pt): 
(fancyhdr)                Make it at least 14.94243pt, for example:
(fancyhdr)                \setlength{\headheight}{14.94243pt}.
(fancyhdr)                You might also make \topmargin smaller:
(fancyhdr)                \addtolength{\topmargin}{-0.94243pt}.

[118]

[119]


Package fancyhdr Warning: \headheight is too small (14.0pt): 
(fancyhdr)                Make it at least 14.94243pt, for example:
(fancyhdr)                \setlength{\headheight}{14.94243pt}.
(fancyhdr)                You might also make \topmargin smaller:
(fancyhdr)                \addtolength{\topmargin}{-0.94243pt}.

[120]

[121]


Package fancyhdr Warning: \headheight is too small (14.0pt): 
(fancyhdr)                Make it at least 14.94243pt, for example:
(fancyhdr)                \setlength{\headheight}{14.94243pt}.
(fancyhdr)                You might also make \topmargin smaller:
(fancyhdr)                \addtolength{\topmargin}{-0.94243pt}.

[122]
Chapitre 5.


[123

]


Package fancyhdr Warning: \headheight is too small (14.0pt): 
(fancyhdr)                Make it at least 14.94243pt, for example:
(fancyhdr)                \setlength{\headheight}{14.94243pt}.
(fancyhdr)                You might also make \topmargin smaller:
(fancyhdr)                \addtolength{\topmargin}{-0.94243pt}.

[124]

[125]


Package fancyhdr Warning: \headheight is too small (14.0pt): 
(fancyhdr)                Make it at least 14.94243pt, for example:
(fancyhdr)                \setlength{\headheight}{14.94243pt}.
(fancyhdr)                You might also make \topmargin smaller:
(fancyhdr)                \addtolength{\topmargin}{-0.94243pt}.

[126]

[127]


Package fancyhdr Warning: \headheight is too small (14.0pt): 
(fancyhdr)                Make it at least 14.94243pt, for example:
(fancyhdr)                \setlength{\headheight}{14.94243pt}.
(fancyhdr)                You might also make \topmargin smaller:
(fancyhdr)                \addtolength{\topmargin}{-0.94243pt}.

[128]

[129]


Package fancyhdr Warning: \headheight is too small (14.0pt): 
(fancyhdr)                Make it at least 14.94243pt, for example:
(fancyhdr)                \setlength{\headheight}{14.94243pt}.
(fancyhdr)                You might also make \topmargin smaller:
(fancyhdr)                \addtolength{\topmargin}{-0.94243pt}.

[130]

[131]


Package fancyhdr Warning: \headheight is too small (14.0pt): 
(fancyhdr)                Make it at least 14.94243pt, for example:
(fancyhdr)                \setlength{\headheight}{14.94243pt}.
(fancyhdr)                You might also make \topmargin smaller:
(fancyhdr)                \addtolength{\topmargin}{-0.94243pt}.

[132]

[133]


Package fancyhdr Warning: \headheight is too small (14.0pt): 
(fancyhdr)                Make it at least 14.94243pt, for example:
(fancyhdr)                \setlength{\headheight}{14.94243pt}.
(fancyhdr)                You might also make \topmargin smaller:
(fancyhdr)                \addtolength{\topmargin}{-0.94243pt}.

[134]

[135]


Package fancyhdr Warning: \headheight is too small (14.0pt): 
(fancyhdr)                Make it at least 14.94243pt, for example:
(fancyhdr)                \setlength{\headheight}{14.94243pt}.
(fancyhdr)                You might also make \topmargin smaller:
(fancyhdr)                \addtolength{\topmargin}{-0.94243pt}.

[136]

[137]


Package fancyhdr Warning: \headheight is too small (14.0pt): 
(fancyhdr)                Make it at least 14.94243pt, for example:
(fancyhdr)                \setlength{\headheight}{14.94243pt}.
(fancyhdr)                You might also make \topmargin smaller:
(fancyhdr)                \addtolength{\topmargin}{-0.94243pt}.

[138]

[139]


Package fancyhdr Warning: \headheight is too small (14.0pt): 
(fancyhdr)                Make it at least 14.94243pt, for example:
(fancyhdr)                \setlength{\headheight}{14.94243pt}.
(fancyhdr)                You might also make \topmargin smaller:
(fancyhdr)                \addtolength{\topmargin}{-0.94243pt}.

[140]

[141]


Package fancyhdr Warning: \headheight is too small (14.0pt): 
(fancyhdr)                Make it at least 14.94243pt, for example:
(fancyhdr)                \setlength{\headheight}{14.94243pt}.
(fancyhdr)                You might also make \topmargin smaller:
(fancyhdr)                \addtolength{\topmargin}{-0.94243pt}.

[142]

[143]


Package fancyhdr Warning: \headheight is too small (14.0pt): 
(fancyhdr)                Make it at least 14.94243pt, for example:
(fancyhdr)                \setlength{\headheight}{14.94243pt}.
(fancyhdr)                You might also make \topmargin smaller:
(fancyhdr)                \addtolength{\topmargin}{-0.94243pt}.

[144]

[145]
Chapitre 6.


[146

]

[147]


Package fancyhdr Warning: \headheight is too small (14.0pt): 
(fancyhdr)                Make it at least 14.94243pt, for example:
(fancyhdr)                \setlength{\headheight}{14.94243pt}.
(fancyhdr)                You might also make \topmargin smaller:
(fancyhdr)                \addtolength{\topmargin}{-0.94243pt}.

[148]

[149]


Package fancyhdr Warning: \headheight is too small (14.0pt): 
(fancyhdr)                Make it at least 14.94243pt, for example:
(fancyhdr)                \setlength{\headheight}{14.94243pt}.
(fancyhdr)                You might also make \topmargin smaller:
(fancyhdr)                \addtolength{\topmargin}{-0.94243pt}.

[150]

[151]


Package fancyhdr Warning: \headheight is too small (14.0pt): 
(fancyhdr)                Make it at least 14.94243pt, for example:
(fancyhdr)                \setlength{\headheight}{14.94243pt}.
(fancyhdr)                You might also make \topmargin smaller:
(fancyhdr)                \addtolength{\topmargin}{-0.94243pt}.

[152]

[153]


Package fancyhdr Warning: \headheight is too small (14.0pt): 
(fancyhdr)                Make it at least 14.94243pt, for example:
(fancyhdr)                \setlength{\headheight}{14.94243pt}.
(fancyhdr)                You might also make \topmargin smaller:
(fancyhdr)                \addtolength{\topmargin}{-0.94243pt}.

[154]

[155]


Package fancyhdr Warning: \headheight is too small (14.0pt): 
(fancyhdr)                Make it at least 14.94243pt, for example:
(fancyhdr)                \setlength{\headheight}{14.94243pt}.
(fancyhdr)                You might also make \topmargin smaller:
(fancyhdr)                \addtolength{\topmargin}{-0.94243pt}.

[156]

[157]


Package fancyhdr Warning: \headheight is too small (14.0pt): 
(fancyhdr)                Make it at least 14.94243pt, for example:
(fancyhdr)                \setlength{\headheight}{14.94243pt}.
(fancyhdr)                You might also make \topmargin smaller:
(fancyhdr)                \addtolength{\topmargin}{-0.94243pt}.

[158]

[159]


Package fancyhdr Warning: \headheight is too small (14.0pt): 
(fancyhdr)                Make it at least 14.94243pt, for example:
(fancyhdr)                \setlength{\headheight}{14.94243pt}.
(fancyhdr)                You might also make \topmargin smaller:
(fancyhdr)                \addtolength{\topmargin}{-0.94243pt}.

[160]

[161]


Package fancyhdr Warning: \headheight is too small (14.0pt): 
(fancyhdr)                Make it at least 14.94243pt, for example:
(fancyhdr)                \setlength{\headheight}{14.94243pt}.
(fancyhdr)                You might also make \topmargin smaller:
(fancyhdr)                \addtolength{\topmargin}{-0.94243pt}.

[162]

[163]


Package fancyhdr Warning: \headheight is too small (14.0pt): 
(fancyhdr)                Make it at least 14.94243pt, for example:
(fancyhdr)                \setlength{\headheight}{14.94243pt}.
(fancyhdr)                You might also make \topmargin smaller:
(fancyhdr)                \addtolength{\topmargin}{-0.94243pt}.

[164]

[165]


Package fancyhdr Warning: \headheight is too small (14.0pt): 
(fancyhdr)                Make it at least 14.94243pt, for example:
(fancyhdr)                \setlength{\headheight}{14.94243pt}.
(fancyhdr)                You might also make \topmargin smaller:
(fancyhdr)                \addtolength{\topmargin}{-0.94243pt}.

[166]

[167

]
Chapitre 7.


[168

]

[169]


Package fancyhdr Warning: \headheight is too small (14.0pt): 
(fancyhdr)                Make it at least 14.94243pt, for example:
(fancyhdr)                \setlength{\headheight}{14.94243pt}.
(fancyhdr)                You might also make \topmargin smaller:
(fancyhdr)                \addtolength{\topmargin}{-0.94243pt}.

[170]

[171]


Package fancyhdr Warning: \headheight is too small (14.0pt): 
(fancyhdr)                Make it at least 14.94243pt, for example:
(fancyhdr)                \setlength{\headheight}{14.94243pt}.
(fancyhdr)                You might also make \topmargin smaller:
(fancyhdr)                \addtolength{\topmargin}{-0.94243pt}.

[172]

[173]


Package fancyhdr Warning: \headheight is too small (14.0pt): 
(fancyhdr)                Make it at least 14.94243pt, for example:
(fancyhdr)                \setlength{\headheight}{14.94243pt}.
(fancyhdr)                You might also make \topmargin smaller:
(fancyhdr)                \addtolength{\topmargin}{-0.94243pt}.

[174]

[175]


Package fancyhdr Warning: \headheight is too small (14.0pt): 
(fancyhdr)                Make it at least 14.94243pt, for example:
(fancyhdr)                \setlength{\headheight}{14.94243pt}.
(fancyhdr)                You might also make \topmargin smaller:
(fancyhdr)                \addtolength{\topmargin}{-0.94243pt}.

[176]
Underfull \hbox (badness 1552) in paragraph at lines 1590--1591
[]\TU/ChaparralPro(0)/m/n/12 L’his-to-rio-gra-phie de l’hé-ral-dique pon-ti
-fi-cale rap-porte un
 []



[177]


Package fancyhdr Warning: \headheight is too small (14.0pt): 
(fancyhdr)                Make it at least 14.94243pt, for example:
(fancyhdr)                \setlength{\headheight}{14.94243pt}.
(fancyhdr)                You might also make \topmargin smaller:
(fancyhdr)                \addtolength{\topmargin}{-0.94243pt}.

[178]

[179]


Package fancyhdr Warning: \headheight is too small (14.0pt): 
(fancyhdr)                Make it at least 14.94243pt, for example:
(fancyhdr)                \setlength{\headheight}{14.94243pt}.
(fancyhdr)                You might also make \topmargin smaller:
(fancyhdr)                \addtolength{\topmargin}{-0.94243pt}.

[180]

[181]
Underfull \hbox (badness 1147) in paragraph at lines 1600--1600
[][][]\TU/ChaparralPro(0)/m/n/10 .[][]Arthur de Bois-lile, « Rap-port de M. de Bois-lile sur une com-mu-
 []


Underfull \hbox (badness 3439) in paragraph at lines 1600--1600
\TU/ChaparralPro(0)/m/n/10 ni-ca-tion de M. Des-tan-dau », \TU/ChaparralPro(0)
/m/it/10 Bul-le-tin his-to-rique et phi-lo-lo-gique du Co-
 []




Package fancyhdr Warning: \headheight is too small (14.0pt): 
(fancyhdr)                Make it at least 14.94243pt, for example:
(fancyhdr)                \setlength{\headheight}{14.94243pt}.
(fancyhdr)                You might also make \topmargin smaller:
(fancyhdr)                \addtolength{\topmargin}{-0.94243pt}.

[182]

[183]


Package fancyhdr Warning: \headheight is too small (14.0pt): 
(fancyhdr)                Make it at least 14.94243pt, for example:
(fancyhdr)                \setlength{\headheight}{14.94243pt}.
(fancyhdr)                You might also make \topmargin smaller:
(fancyhdr)                \addtolength{\topmargin}{-0.94243pt}.

[184]

[185]
Chapitre 8.


[186

]

[187]


Package fancyhdr Warning: \headheight is too small (14.0pt): 
(fancyhdr)                Make it at least 14.94243pt, for example:
(fancyhdr)                \setlength{\headheight}{14.94243pt}.
(fancyhdr)                You might also make \topmargin smaller:
(fancyhdr)                \addtolength{\topmargin}{-0.94243pt}.

[188]

[189]


Package fancyhdr Warning: \headheight is too small (14.0pt): 
(fancyhdr)                Make it at least 14.94243pt, for example:
(fancyhdr)                \setlength{\headheight}{14.94243pt}.
(fancyhdr)                You might also make \topmargin smaller:
(fancyhdr)                \addtolength{\topmargin}{-0.94243pt}.

[190]

[191]


Package fancyhdr Warning: \headheight is too small (14.0pt): 
(fancyhdr)                Make it at least 14.94243pt, for example:
(fancyhdr)                \setlength{\headheight}{14.94243pt}.
(fancyhdr)                You might also make \topmargin smaller:
(fancyhdr)                \addtolength{\topmargin}{-0.94243pt}.

[192]

[193]


Package fancyhdr Warning: \headheight is too small (14.0pt): 
(fancyhdr)                Make it at least 14.94243pt, for example:
(fancyhdr)                \setlength{\headheight}{14.94243pt}.
(fancyhdr)                You might also make \topmargin smaller:
(fancyhdr)                \addtolength{\topmargin}{-0.94243pt}.

[194]

[195]


Package fancyhdr Warning: \headheight is too small (14.0pt): 
(fancyhdr)                Make it at least 14.94243pt, for example:
(fancyhdr)                \setlength{\headheight}{14.94243pt}.
(fancyhdr)                You might also make \topmargin smaller:
(fancyhdr)                \addtolength{\topmargin}{-0.94243pt}.

[196]

[197]
Chapitre 9.


[198

]

[199]


Package fancyhdr Warning: \headheight is too small (14.0pt): 
(fancyhdr)                Make it at least 14.94243pt, for example:
(fancyhdr)                \setlength{\headheight}{14.94243pt}.
(fancyhdr)                You might also make \topmargin smaller:
(fancyhdr)                \addtolength{\topmargin}{-0.94243pt}.

[200]

[201]


Package fancyhdr Warning: \headheight is too small (14.0pt): 
(fancyhdr)                Make it at least 14.94243pt, for example:
(fancyhdr)                \setlength{\headheight}{14.94243pt}.
(fancyhdr)                You might also make \topmargin smaller:
(fancyhdr)                \addtolength{\topmargin}{-0.94243pt}.

[202]

[203]


Package fancyhdr Warning: \headheight is too small (14.0pt): 
(fancyhdr)                Make it at least 14.94243pt, for example:
(fancyhdr)                \setlength{\headheight}{14.94243pt}.
(fancyhdr)                You might also make \topmargin smaller:
(fancyhdr)                \addtolength{\topmargin}{-0.94243pt}.

[204]

[205]


Package fancyhdr Warning: \headheight is too small (14.0pt): 
(fancyhdr)                Make it at least 14.94243pt, for example:
(fancyhdr)                \setlength{\headheight}{14.94243pt}.
(fancyhdr)                You might also make \topmargin smaller:
(fancyhdr)                \addtolength{\topmargin}{-0.94243pt}.

[206]

[207]


Package fancyhdr Warning: \headheight is too small (14.0pt): 
(fancyhdr)                Make it at least 14.94243pt, for example:
(fancyhdr)                \setlength{\headheight}{14.94243pt}.
(fancyhdr)                You might also make \topmargin smaller:
(fancyhdr)                \addtolength{\topmargin}{-0.94243pt}.

[208]

[209]


Package fancyhdr Warning: \headheight is too small (14.0pt): 
(fancyhdr)                Make it at least 14.94243pt, for example:
(fancyhdr)                \setlength{\headheight}{14.94243pt}.
(fancyhdr)                You might also make \topmargin smaller:
(fancyhdr)                \addtolength{\topmargin}{-0.94243pt}.

[210]

[211]


Package fancyhdr Warning: \headheight is too small (14.0pt): 
(fancyhdr)                Make it at least 14.94243pt, for example:
(fancyhdr)                \setlength{\headheight}{14.94243pt}.
(fancyhdr)                You might also make \topmargin smaller:
(fancyhdr)                \addtolength{\topmargin}{-0.94243pt}.

[212]

[213]


Package fancyhdr Warning: \headheight is too small (14.0pt): 
(fancyhdr)                Make it at least 14.94243pt, for example:
(fancyhdr)                \setlength{\headheight}{14.94243pt}.
(fancyhdr)                You might also make \topmargin smaller:
(fancyhdr)                \addtolength{\topmargin}{-0.94243pt}.

[214]
Chapitre 10.


[215

]


Package fancyhdr Warning: \headheight is too small (14.0pt): 
(fancyhdr)                Make it at least 14.94243pt, for example:
(fancyhdr)                \setlength{\headheight}{14.94243pt}.
(fancyhdr)                You might also make \topmargin smaller:
(fancyhdr)                \addtolength{\topmargin}{-0.94243pt}.

[216
Missing character: There is no ‑ (U+2011) in font "name:Chaparral Pro:mode=nod
e;script=latn;language=dflt;+tlig;"!
]

[217]


Package fancyhdr Warning: \headheight is too small (14.0pt): 
(fancyhdr)                Make it at least 14.94243pt, for example:
(fancyhdr)                \setlength{\headheight}{14.94243pt}.
(fancyhdr)                You might also make \topmargin smaller:
(fancyhdr)                \addtolength{\topmargin}{-0.94243pt}.

[218]

[219]


Package fancyhdr Warning: \headheight is too small (14.0pt): 
(fancyhdr)                Make it at least 14.94243pt, for example:
(fancyhdr)                \setlength{\headheight}{14.94243pt}.
(fancyhdr)                You might also make \topmargin smaller:
(fancyhdr)                \addtolength{\topmargin}{-0.94243pt}.

[220]

[221]


Package fancyhdr Warning: \headheight is too small (14.0pt): 
(fancyhdr)                Make it at least 14.94243pt, for example:
(fancyhdr)                \setlength{\headheight}{14.94243pt}.
(fancyhdr)                You might also make \topmargin smaller:
(fancyhdr)                \addtolength{\topmargin}{-0.94243pt}.

[222]

[223]


Package fancyhdr Warning: \headheight is too small (14.0pt): 
(fancyhdr)                Make it at least 14.94243pt, for example:
(fancyhdr)                \setlength{\headheight}{14.94243pt}.
(fancyhdr)                You might also make \topmargin smaller:
(fancyhdr)                \addtolength{\topmargin}{-0.94243pt}.

[224]

[225]


Package fancyhdr Warning: \headheight is too small (14.0pt): 
(fancyhdr)                Make it at least 14.94243pt, for example:
(fancyhdr)                \setlength{\headheight}{14.94243pt}.
(fancyhdr)                You might also make \topmargin smaller:
(fancyhdr)                \addtolength{\topmargin}{-0.94243pt}.

[226]

[227]


Package fancyhdr Warning: \headheight is too small (14.0pt): 
(fancyhdr)                Make it at least 14.94243pt, for example:
(fancyhdr)                \setlength{\headheight}{14.94243pt}.
(fancyhdr)                You might also make \topmargin smaller:
(fancyhdr)                \addtolength{\topmargin}{-0.94243pt}.

[228]
Chapitre 11.


[229

]


Package fancyhdr Warning: \headheight is too small (14.0pt): 
(fancyhdr)                Make it at least 14.94243pt, for example:
(fancyhdr)                \setlength{\headheight}{14.94243pt}.
(fancyhdr)                You might also make \topmargin smaller:
(fancyhdr)                \addtolength{\topmargin}{-0.94243pt}.

[230]

[231]


Package fancyhdr Warning: \headheight is too small (14.0pt): 
(fancyhdr)                Make it at least 14.94243pt, for example:
(fancyhdr)                \setlength{\headheight}{14.94243pt}.
(fancyhdr)                You might also make \topmargin smaller:
(fancyhdr)                \addtolength{\topmargin}{-0.94243pt}.

[232]
Underfull \hbox (badness 1048) in paragraph at lines 1960--1960
[][][]\TU/ChaparralPro(0)/m/n/10 .[][]Visible sur : []https://col-lec-tions.vam.
ac.uk/item/O649881/pompae-
 []



[233]


Package fancyhdr Warning: \headheight is too small (14.0pt): 
(fancyhdr)                Make it at least 14.94243pt, for example:
(fancyhdr)                \setlength{\headheight}{14.94243pt}.
(fancyhdr)                You might also make \topmargin smaller:
(fancyhdr)                \addtolength{\topmargin}{-0.94243pt}.

[234]

[235]


Package fancyhdr Warning: \headheight is too small (14.0pt): 
(fancyhdr)                Make it at least 14.94243pt, for example:
(fancyhdr)                \setlength{\headheight}{14.94243pt}.
(fancyhdr)                You might also make \topmargin smaller:
(fancyhdr)                \addtolength{\topmargin}{-0.94243pt}.

[236]

[237]


Package fancyhdr Warning: \headheight is too small (14.0pt): 
(fancyhdr)                Make it at least 14.94243pt, for example:
(fancyhdr)                \setlength{\headheight}{14.94243pt}.
(fancyhdr)                You might also make \topmargin smaller:
(fancyhdr)                \addtolength{\topmargin}{-0.94243pt}.

[238]

[239]


Package fancyhdr Warning: \headheight is too small (14.0pt): 
(fancyhdr)                Make it at least 14.94243pt, for example:
(fancyhdr)                \setlength{\headheight}{14.94243pt}.
(fancyhdr)                You might also make \topmargin smaller:
(fancyhdr)                \addtolength{\topmargin}{-0.94243pt}.

[240]

[241]


Package fancyhdr Warning: \headheight is too small (14.0pt): 
(fancyhdr)                Make it at least 14.94243pt, for example:
(fancyhdr)                \setlength{\headheight}{14.94243pt}.
(fancyhdr)                You might also make \topmargin smaller:
(fancyhdr)                \addtolength{\topmargin}{-0.94243pt}.

[242]
Chapitre 12.


[243

]


Package fancyhdr Warning: \headheight is too small (14.0pt): 
(fancyhdr)                Make it at least 14.94243pt, for example:
(fancyhdr)                \setlength{\headheight}{14.94243pt}.
(fancyhdr)                You might also make \topmargin smaller:
(fancyhdr)                \addtolength{\topmargin}{-0.94243pt}.

[244]

[245]


Package fancyhdr Warning: \headheight is too small (14.0pt): 
(fancyhdr)                Make it at least 14.94243pt, for example:
(fancyhdr)                \setlength{\headheight}{14.94243pt}.
(fancyhdr)                You might also make \topmargin smaller:
(fancyhdr)                \addtolength{\topmargin}{-0.94243pt}.

[246
Missing character: There is no ″ (U+2033) in font "name:Chaparral Pro:mode=nod
e;script=latn;language=dflt;+tlig;"!
Missing character: There is no ″ (U+2033) in font "name:Chaparral Pro:mode=nod
e;script=latn;language=dflt;+tlig;"!
]

[247]


Package fancyhdr Warning: \headheight is too small (14.0pt): 
(fancyhdr)                Make it at least 14.94243pt, for example:
(fancyhdr)                \setlength{\headheight}{14.94243pt}.
(fancyhdr)                You might also make \topmargin smaller:
(fancyhdr)                \addtolength{\topmargin}{-0.94243pt}.

[248]

[249]


Package fancyhdr Warning: \headheight is too small (14.0pt): 
(fancyhdr)                Make it at least 14.94243pt, for example:
(fancyhdr)                \setlength{\headheight}{14.94243pt}.
(fancyhdr)                You might also make \topmargin smaller:
(fancyhdr)                \addtolength{\topmargin}{-0.94243pt}.

[250]

[251]


Package fancyhdr Warning: \headheight is too small (14.0pt): 
(fancyhdr)                Make it at least 14.94243pt, for example:
(fancyhdr)                \setlength{\headheight}{14.94243pt}.
(fancyhdr)                You might also make \topmargin smaller:
(fancyhdr)                \addtolength{\topmargin}{-0.94243pt}.

[252]

[253]


Package fancyhdr Warning: \headheight is too small (14.0pt): 
(fancyhdr)                Make it at least 14.94243pt, for example:
(fancyhdr)                \setlength{\headheight}{14.94243pt}.
(fancyhdr)                You might also make \topmargin smaller:
(fancyhdr)                \addtolength{\topmargin}{-0.94243pt}.

[254]

[255]


Package fancyhdr Warning: \headheight is too small (14.0pt): 
(fancyhdr)                Make it at least 14.94243pt, for example:
(fancyhdr)                \setlength{\headheight}{14.94243pt}.
(fancyhdr)                You might also make \topmargin smaller:
(fancyhdr)                \addtolength{\topmargin}{-0.94243pt}.

[256]

[257]


Package fancyhdr Warning: \headheight is too small (14.0pt): 
(fancyhdr)                Make it at least 14.94243pt, for example:
(fancyhdr)                \setlength{\headheight}{14.94243pt}.
(fancyhdr)                You might also make \topmargin smaller:
(fancyhdr)                \addtolength{\topmargin}{-0.94243pt}.

[258]

[259]


Package fancyhdr Warning: \headheight is too small (14.0pt): 
(fancyhdr)                Make it at least 14.94243pt, for example:
(fancyhdr)                \setlength{\headheight}{14.94243pt}.
(fancyhdr)                You might also make \topmargin smaller:
(fancyhdr)                \addtolength{\topmargin}{-0.94243pt}.

[260]

[261]


Package fancyhdr Warning: \headheight is too small (14.0pt): 
(fancyhdr)                Make it at least 14.94243pt, for example:
(fancyhdr)                \setlength{\headheight}{14.94243pt}.
(fancyhdr)                You might also make \topmargin smaller:
(fancyhdr)                \addtolength{\topmargin}{-0.94243pt}.

[262]

[263]


Package fancyhdr Warning: \headheight is too small (14.0pt): 
(fancyhdr)                Make it at least 14.94243pt, for example:
(fancyhdr)                \setlength{\headheight}{14.94243pt}.
(fancyhdr)                You might also make \topmargin smaller:
(fancyhdr)                \addtolength{\topmargin}{-0.94243pt}.

[264]
Underfull \hbox (badness 1275) in paragraph at lines 2131--2132
[]\TU/ChaparralPro(0)/m/n/12 La frag-men-ta-tion/dis-per-sion des meubles ar-mo-
riaux est
 []


Underfull \hbox (badness 5741) in paragraph at lines 2131--2132
\TU/ChaparralPro(0)/m/n/12 den-tée dans de nou-veaux contextes si-gni-fiants. 
D’autres
 []



[265]


Package fancyhdr Warning: \headheight is too small (14.0pt): 
(fancyhdr)                Make it at least 14.94243pt, for example:
(fancyhdr)                \setlength{\headheight}{14.94243pt}.
(fancyhdr)                You might also make \topmargin smaller:
(fancyhdr)                \addtolength{\topmargin}{-0.94243pt}.

[266]

[267]


Package fancyhdr Warning: \headheight is too small (14.0pt): 
(fancyhdr)                Make it at least 14.94243pt, for example:
(fancyhdr)                \setlength{\headheight}{14.94243pt}.
(fancyhdr)                You might also make \topmargin smaller:
(fancyhdr)                \addtolength{\topmargin}{-0.94243pt}.

[268]

[269]


Package fancyhdr Warning: \headheight is too small (14.0pt): 
(fancyhdr)                Make it at least 14.94243pt, for example:
(fancyhdr)                \setlength{\headheight}{14.94243pt}.
(fancyhdr)                You might also make \topmargin smaller:
(fancyhdr)                \addtolength{\topmargin}{-0.94243pt}.

[270]

[271]


Package fancyhdr Warning: \headheight is too small (14.0pt): 
(fancyhdr)                Make it at least 14.94243pt, for example:
(fancyhdr)                \setlength{\headheight}{14.94243pt}.
(fancyhdr)                You might also make \topmargin smaller:
(fancyhdr)                \addtolength{\topmargin}{-0.94243pt}.

[272]

[273]


Package fancyhdr Warning: \headheight is too small (14.0pt): 
(fancyhdr)                Make it at least 14.94243pt, for example:
(fancyhdr)                \setlength{\headheight}{14.94243pt}.
(fancyhdr)                You might also make \topmargin smaller:
(fancyhdr)                \addtolength{\topmargin}{-0.94243pt}.

[274]

[275]

[276

]

[277]


Package fancyhdr Warning: \headheight is too small (14.0pt): 
(fancyhdr)                Make it at least 14.94243pt, for example:
(fancyhdr)                \setlength{\headheight}{14.94243pt}.
(fancyhdr)                You might also make \topmargin smaller:
(fancyhdr)                \addtolength{\topmargin}{-0.94243pt}.

[278]
Underfull \hbox (badness 2662) in paragraph at lines 2331--2331
\TU/ChaparralPro(0)/m/n/12 Ro-mae, Ex-cu-de-bant Va-le-rius et Aloy-sius Do-rici
 fratres
 []



[279]


Package fancyhdr Warning: \headheight is too small (14.0pt): 
(fancyhdr)                Make it at least 14.94243pt, for example:
(fancyhdr)                \setlength{\headheight}{14.94243pt}.
(fancyhdr)                You might also make \topmargin smaller:
(fancyhdr)                \addtolength{\topmargin}{-0.94243pt}.

[280]

[281]


Package fancyhdr Warning: \headheight is too small (14.0pt): 
(fancyhdr)                Make it at least 14.94243pt, for example:
(fancyhdr)                \setlength{\headheight}{14.94243pt}.
(fancyhdr)                You might also make \topmargin smaller:
(fancyhdr)                \addtolength{\topmargin}{-0.94243pt}.

[282]

[283]


Package fancyhdr Warning: \headheight is too small (14.0pt): 
(fancyhdr)                Make it at least 14.94243pt, for example:
(fancyhdr)                \setlength{\headheight}{14.94243pt}.
(fancyhdr)                You might also make \topmargin smaller:
(fancyhdr)                \addtolength{\topmargin}{-0.94243pt}.

[284]
Underfull \hbox (badness 2293) in paragraph at lines 2395--2395
\TU/ChaparralPro(0)/m/it/12 quinque\TU/ChaparralPro(0)/m/n/12 , [Ro-mae, Apud Va
-le-rium et Lu-doui-cum fratres
 []



[285]


Package fancyhdr Warning: \headheight is too small (14.0pt): 
(fancyhdr)                Make it at least 14.94243pt, for example:
(fancyhdr)                \setlength{\headheight}{14.94243pt}.
(fancyhdr)                You might also make \topmargin smaller:
(fancyhdr)                \addtolength{\topmargin}{-0.94243pt}.

[286]

[287]
Underfull \hbox (badness 2799) in paragraph at lines 2450--2450
\TU/ChaparralPro(0)/m/it/12 Bi-blio-theca Ha-gio-gra-phica La-tina, an-ti-quae 
et me-diae ae-ta-tis\TU/ChaparralPro(0)/m/n/12 ,
 []




Package fancyhdr Warning: \headheight is too small (14.0pt): 
(fancyhdr)                Make it at least 14.94243pt, for example:
(fancyhdr)                \setlength{\headheight}{14.94243pt}.
(fancyhdr)                You might also make \topmargin smaller:
(fancyhdr)                \addtolength{\topmargin}{-0.94243pt}.

[288]
Underfull \hbox (badness 7522) in paragraph at lines 2459--2459
\TU/ChaparralPro(0)/m/sc/12 B- \TU/ChaparralPro(0)/m/n/12 Fe-de-r
ico, \TU/ChaparralPro(0)/m/it/12 Lear-ning through Images in the Ita-lian
 []


Underfull \hbox (badness 10000) in paragraph at lines 2459--2459
\TU/ChaparralPro(0)/m/it/12 Re-nais-sance : Illus-tra-ted Ma-nus-cripts and Edu-
ca-tion in
 []


Underfull \hbox (badness 1210) in paragraph at lines 2459--2459
\TU/ChaparralPro(0)/m/it/12 Quat-tro-cento Flo-rence\TU/ChaparralPro(0)/m/n/12 
, Cam-bridge, Cam-bridge Uni-ver-sity
 []



[289]


Package fancyhdr Warning: \headheight is too small (14.0pt): 
(fancyhdr)                Make it at least 14.94243pt, for example:
(fancyhdr)                \setlength{\headheight}{14.94243pt}.
(fancyhdr)                You might also make \topmargin smaller:
(fancyhdr)                \addtolength{\topmargin}{-0.94243pt}.

[290]

[291]


Package fancyhdr Warning: \headheight is too small (14.0pt): 
(fancyhdr)                Make it at least 14.94243pt, for example:
(fancyhdr)                \setlength{\headheight}{14.94243pt}.
(fancyhdr)                You might also make \topmargin smaller:
(fancyhdr)                \addtolength{\topmargin}{-0.94243pt}.

[292]

[293]


Package fancyhdr Warning: \headheight is too small (14.0pt): 
(fancyhdr)                Make it at least 14.94243pt, for example:
(fancyhdr)                \setlength{\headheight}{14.94243pt}.
(fancyhdr)                You might also make \topmargin smaller:
(fancyhdr)                \addtolength{\topmargin}{-0.94243pt}.

[294]
Underfull \hbox (badness 2237) in paragraph at lines 2537--2537
\TU/ChaparralPro(0)/m/n/12 —, \TU/ChaparralPro(0)/m/it/12 Un art de la Ré-for
me ca-tho-lique. La sym-bo-lique du pape
 []



[295]


Package fancyhdr Warning: \headheight is too small (14.0pt): 
(fancyhdr)                Make it at least 14.94243pt, for example:
(fancyhdr)                \setlength{\headheight}{14.94243pt}.
(fancyhdr)                You might also make \topmargin smaller:
(fancyhdr)                \addtolength{\topmargin}{-0.94243pt}.

[296]

[297]


Package fancyhdr Warning: \headheight is too small (14.0pt): 
(fancyhdr)                Make it at least 14.94243pt, for example:
(fancyhdr)                \setlength{\headheight}{14.94243pt}.
(fancyhdr)                You might also make \topmargin smaller:
(fancyhdr)                \addtolength{\topmargin}{-0.94243pt}.

[298]
Underfull \hbox (badness 10000) in paragraph at lines 2609--2609
\TU/ChaparralPro(0)/m/sc/12 V- \TU/ChaparralPr
o(0)/m/n/12 Da-niel et \TU/ChaparralPro(0)/m/sc/12 W- \TU/Chapar
ralPro(0)/m/n/12 Marie-France (dir.),
 []



[299]


Package fancyhdr Warning: \headheight is too small (14.0pt): 
(fancyhdr)                Make it at least 14.94243pt, for example:
(fancyhdr)                \setlength{\headheight}{14.94243pt}.
(fancyhdr)                You might also make \topmargin smaller:
(fancyhdr)                \addtolength{\topmargin}{-0.94243pt}.

[300]

[301]


Package fancyhdr Warning: \headheight is too small (14.0pt): 
(fancyhdr)                Make it at least 14.94243pt, for example:
(fancyhdr)                \setlength{\headheight}{14.94243pt}.
(fancyhdr)                You might also make \topmargin smaller:
(fancyhdr)                \addtolength{\topmargin}{-0.94243pt}.

[302]

[303]
Underfull \hbox (badness 2103) in paragraph at lines 2657--2657
\TU/ChaparralPro(0)/m/n/12 « Chau-vi-gny de Brosse, armes des », dans la base Si-gilla,
 []




Package fancyhdr Warning: \headheight is too small (14.0pt): 
(fancyhdr)                Make it at least 14.94243pt, for example:
(fancyhdr)                \setlength{\headheight}{14.94243pt}.
(fancyhdr)                You might also make \topmargin smaller:
(fancyhdr)                \addtolength{\topmargin}{-0.94243pt}.

[304]

[305]


Package fancyhdr Warning: \headheight is too small (14.0pt): 
(fancyhdr)                Make it at least 14.94243pt, for example:
(fancyhdr)                \setlength{\headheight}{14.94243pt}.
(fancyhdr)                You might also make \topmargin smaller:
(fancyhdr)                \addtolength{\topmargin}{-0.94243pt}.

[306]

[307]
Underfull \hbox (badness 10000) in paragraph at lines 2685--2685
\TU/ChaparralPro(0)/m/sc/12 G- \TU/ChaparralPro(0)/m
/n/12 Fran-çoise, « Prud-ho-mat. Église Saint-Louis,
 []


Underfull \hbox (badness 4084) in paragraph at lines 2685--2685
\TU/ChaparralPro(0)/m/n/12 an-cienne col-lé-giale Saint-Jean-Baptiste », dans Mi-chel
 []




Package fancyhdr Warning: \headheight is too small (14.0pt): 
(fancyhdr)                Make it at least 14.94243pt, for example:
(fancyhdr)                \setlength{\headheight}{14.94243pt}.
(fancyhdr)                You might also make \topmargin smaller:
(fancyhdr)                \addtolength{\topmargin}{-0.94243pt}.

[308]
Underfull \hbox (badness 1845) in paragraph at lines 2695--2695
\TU/ChaparralPro(0)/m/sc/12 L- \TU/ChaparralPro(0)/m/n/12 Ge-rhar
t Bu-rian, « Ve-ge-ta-tion Sym-bo-lism and the
 []



[309]


Package fancyhdr Warning: \headheight is too small (14.0pt): 
(fancyhdr)                Make it at least 14.94243pt, for example:
(fancyhdr)                \setlength{\headheight}{14.94243pt}.
(fancyhdr)                You might also make \topmargin smaller:
(fancyhdr)                \addtolength{\topmargin}{-0.94243pt}.

[310]

[311]


Package fancyhdr Warning: \headheight is too small (14.0pt): 
(fancyhdr)                Make it at least 14.94243pt, for example:
(fancyhdr)                \setlength{\headheight}{14.94243pt}.
(fancyhdr)                You might also make \topmargin smaller:
(fancyhdr)                \addtolength{\topmargin}{-0.94243pt}.

[312]

[313]


Package fancyhdr Warning: \headheight is too small (14.0pt): 
(fancyhdr)                Make it at least 14.94243pt, for example:
(fancyhdr)                \setlength{\headheight}{14.94243pt}.
(fancyhdr)                You might also make \topmargin smaller:
(fancyhdr)                \addtolength{\topmargin}{-0.94243pt}.

[314
Missing character: There is no ‑ (U+2011) in font "name:Chaparral Pro:mode=nod
e;script=latn;language=dflt;+tlig;"!
Missing character: There is no ‑ (U+2011) in font "name:Chaparral Pro:mode=nod
e;script=latn;language=dflt;+tlig;"!
]

[315
Missing character: There is no ‑ (U+2011) in font "name:Chaparral Pro:mode=nod
e;script=latn;language=dflt;+tlig;"!
]
Underfull \hbox (badness 2781) in paragraph at lines 2755--2755
\TU/ChaparralPro(0)/m/sc/12 D \TU/ChaparralPro(0)/m/n/12 Ben-ja-min, 
« Le bouf-fon, un hé-raut du vide », \TU/ChaparralPro(0)/m/it/12 Les
 []


Underfull \hbox (badness 1342) in paragraph at lines 2755--2755
\TU/ChaparralPro(0)/m/it/12 chan-tiers de la créa-tion. Re-vue plu-ri-dis-ci-pl
i-naire en lettres,
 []


Underfull \hbox (badness 10000) in paragraph at lines 2755--2755
\TU/ChaparralPro(0)/m/it/12 langues, arts et ci-vi-li-sa-tions\TU/ChaparralPro(
0)/m/n/12 , n$[][]$ 13, 12 juillet 2021,
 []




Package fancyhdr Warning: \headheight is too small (14.0pt): 
(fancyhdr)                Make it at least 14.94243pt, for example:
(fancyhdr)                \setlength{\headheight}{14.94243pt}.
(fancyhdr)                You might also make \topmargin smaller:
(fancyhdr)                \addtolength{\topmargin}{-0.94243pt}.

[316
Missing character: There is no ‑ (U+2011) in font "name:Chaparral Pro:mode=nod
e;script=latn;language=dflt;+tlig;"!
Missing character: There is no ‑ (U+2011) in font "name:Chaparral Pro:mode=nod
e;script=latn;language=dflt;+tlig;"!
]
Underfull \hbox (badness 6173) in paragraph at lines 2777--2777
\TU/ChaparralPro(0)/m/sc/12 L \TU/ChaparralPro(0)/m/n/12 Sté-pha-ni
e, « Car-di-nal Pam-philj Builds a Pa-lace :
 []


Underfull \hbox (badness 10000) in paragraph at lines 2777--2777
\TU/ChaparralPro(0)/m/n/12 Self-Representation and Fa-mi-lial Am-bi-tion in
 []


Underfull \hbox (badness 2626) in paragraph at lines 2777--2777
\TU/ChaparralPro(0)/m/n/12 Seventeenth-Century Rome », \TU/ChaparralPro(0)/m/i
t/12 Jour-nal of the So-ciety of
 []



[317
Missing character: There is no ‑ (U+2011) in font "name:Chaparral Pro:mode=nod
e;script=latn;language=dflt;+tlig;"!
]


Package fancyhdr Warning: \headheight is too small (14.0pt): 
(fancyhdr)                Make it at least 14.94243pt, for example:
(fancyhdr)                \setlength{\headheight}{14.94243pt}.
(fancyhdr)                You might also make \topmargin smaller:
(fancyhdr)                \addtolength{\topmargin}{-0.94243pt}.

[318]

[319]


Package fancyhdr Warning: \headheight is too small (14.0pt): 
(fancyhdr)                Make it at least 14.94243pt, for example:
(fancyhdr)                \setlength{\headheight}{14.94243pt}.
(fancyhdr)                You might also make \topmargin smaller:
(fancyhdr)                \addtolength{\topmargin}{-0.94243pt}.

[320]

[321
Missing character: There is no ‑ (U+2011) in font "name:Chaparral Pro:mode=nod
e;script=latn;language=dflt;+tlig;"!
Missing character: There is no ‑ (U+2011) in font "name:Chaparral Pro:mode=nod
e;script=latn;language=dflt;+tlig;"!
]


Package fancyhdr Warning: \headheight is too small (14.0pt): 
(fancyhdr)                Make it at least 14.94243pt, for example:
(fancyhdr)                \setlength{\headheight}{14.94243pt}.
(fancyhdr)                You might also make \topmargin smaller:
(fancyhdr)                \addtolength{\topmargin}{-0.94243pt}.

[322]
Underfull \hbox (badness 2556) in paragraph at lines 2851--2852
[]\TU/ChaparralPro(0)/m/n/12 Fi-gure 7. \TU/ChaparralPro(0)/m/it/12 Mo-tets\TU/
ChaparralPro(0)/m/n/12 , ate-lier de Pe-trus Ala-mire, Rome, ms.
 []



[323

]


Package fancyhdr Warning: \headheight is too small (14.0pt): 
(fancyhdr)                Make it at least 14.94243pt, for example:
(fancyhdr)                \setlength{\headheight}{14.94243pt}.
(fancyhdr)                You might also make \topmargin smaller:
(fancyhdr)                \addtolength{\topmargin}{-0.94243pt}.

[324]

[325]


Package fancyhdr Warning: \headheight is too small (14.0pt): 
(fancyhdr)                Make it at least 14.94243pt, for example:
(fancyhdr)                \setlength{\headheight}{14.94243pt}.
(fancyhdr)                You might also make \topmargin smaller:
(fancyhdr)                \addtolength{\topmargin}{-0.94243pt}.

[326]

[327]


Package fancyhdr Warning: \headheight is too small (14.0pt): 
(fancyhdr)                Make it at least 14.94243pt, for example:
(fancyhdr)                \setlength{\headheight}{14.94243pt}.
(fancyhdr)                You might also make \topmargin smaller:
(fancyhdr)                \addtolength{\topmargin}{-0.94243pt}.

[328]

[329]


Package fancyhdr Warning: \headheight is too small (14.0pt): 
(fancyhdr)                Make it at least 14.94243pt, for example:
(fancyhdr)                \setlength{\headheight}{14.94243pt}.
(fancyhdr)                You might also make \topmargin smaller:
(fancyhdr)                \addtolength{\topmargin}{-0.94243pt}.

[330]

[331]


Package fancyhdr Warning: \headheight is too small (14.0pt): 
(fancyhdr)                Make it at least 14.94243pt, for example:
(fancyhdr)                \setlength{\headheight}{14.94243pt}.
(fancyhdr)                You might also make \topmargin smaller:
(fancyhdr)                \addtolength{\topmargin}{-0.94243pt}.

[332]

[333]


Package fancyhdr Warning: \headheight is too small (14.0pt): 
(fancyhdr)                Make it at least 14.94243pt, for example:
(fancyhdr)                \setlength{\headheight}{14.94243pt}.
(fancyhdr)                You might also make \topmargin smaller:
(fancyhdr)                \addtolength{\topmargin}{-0.94243pt}.

[334]

[335]


Package fancyhdr Warning: \headheight is too small (14.0pt): 
(fancyhdr)                Make it at least 14.94243pt, for example:
(fancyhdr)                \setlength{\headheight}{14.94243pt}.
(fancyhdr)                You might also make \topmargin smaller:
(fancyhdr)                \addtolength{\topmargin}{-0.94243pt}.

[336]

[337]


Package fancyhdr Warning: \headheight is too small (14.0pt): 
(fancyhdr)                Make it at least 14.94243pt, for example:
(fancyhdr)                \setlength{\headheight}{14.94243pt}.
(fancyhdr)                You might also make \topmargin smaller:
(fancyhdr)                \addtolength{\topmargin}{-0.94243pt}.

[338]

[339]
Chapitre 13.


[340

]

[341]


Package fancyhdr Warning: \headheight is too small (14.0pt): 
(fancyhdr)                Make it at least 14.94243pt, for example:
(fancyhdr)                \setlength{\headheight}{14.94243pt}.
(fancyhdr)                You might also make \topmargin smaller:
(fancyhdr)                \addtolength{\topmargin}{-0.94243pt}.

[342]

[343]

[344

] (c:/impression2/.audit_f1/stable/book.toc

[345

]
Overfull \hbox (0.26395pt too wide) detected at line 30
 \TU/ChaparralPro(0)/m/n/12 106
 []


Overfull \hbox (0.26395pt too wide) detected at line 31
 \TU/ChaparralPro(0)/m/n/12 117
 []


Overfull \hbox (0.26395pt too wide) detected at line 33
 \TU/ChaparralPro(0)/m/n/12 125
 []


Overfull \hbox (0.26395pt too wide) detected at line 34
 \TU/ChaparralPro(0)/m/n/12 134
 []


Overfull \hbox (0.26395pt too wide) detected at line 36
 \TU/ChaparralPro(0)/m/n/12 147
 []


Overfull \hbox (0.26395pt too wide) detected at line 40
 \TU/ChaparralPro(0)/m/n/12 153
 []


Overfull \hbox (0.26395pt too wide) detected at line 45
 \TU/ChaparralPro(0)/m/n/12 158
 []


Overfull \hbox (0.26395pt too wide) detected at line 53
 \TU/ChaparralPro(0)/m/n/12 170
 []




Package fancyhdr Warning: \headheight is too small (14.0pt): 
(fancyhdr)                Make it at least 14.94243pt, for example:
(fancyhdr)                \setlength{\headheight}{14.94243pt}.
(fancyhdr)                You might also make \topmargin smaller:
(fancyhdr)                \addtolength{\topmargin}{-0.94243pt}.

[346]
Overfull \hbox (0.26395pt too wide) detected at line 54
 \TU/ChaparralPro(0)/m/n/12 171
 []


Overfull \hbox (0.26395pt too wide) detected at line 55
 \TU/ChaparralPro(0)/m/n/12 173
 []


Overfull \hbox (0.26395pt too wide) detected at line 56
 \TU/ChaparralPro(0)/m/n/12 177
 []


Underfull \hbox (badness 1189) in paragraph at lines 56--56
 []|[]\TU/ChaparralPro(0)/m/n/12 S’em-pa-rer d’une ville par les « armes 
», quelques 
 []


Overfull \hbox (0.26395pt too wide) detected at line 58
 \TU/ChaparralPro(0)/m/n/12 187
 []


Overfull \hbox (0.26395pt too wide) detected at line 59
 \TU/ChaparralPro(0)/m/n/12 191
 []


Overfull \hbox (0.26395pt too wide) detected at line 61
 \TU/ChaparralPro(0)/m/n/12 199
 []


Overfull \hbox (0.26395pt too wide) detected at line 62
 \TU/ChaparralPro(0)/m/n/12 203
 []


Overfull \hbox (0.26395pt too wide) detected at line 63
 \TU/ChaparralPro(0)/m/n/12 208
 []


Overfull \hbox (0.26395pt too wide) detected at line 64
 \TU/ChaparralPro(0)/m/n/12 212
 []


Overfull \hbox (0.26395pt too wide) detected at line 66
 \TU/ChaparralPro(0)/m/n/12 215
 []


Overfull \hbox (0.26395pt too wide) detected at line 67
 \TU/ChaparralPro(0)/m/n/12 222
 []


Overfull \hbox (0.26395pt too wide) detected at line 68
 \TU/ChaparralPro(0)/m/n/12 224
 []


Overfull \hbox (1.94397pt too wide) detected at line 69
 \TU/JosefinSans(0)/b/n/12 229
 []


Overfull \hbox (0.26395pt too wide) detected at line 70
 \TU/ChaparralPro(0)/m/n/12 231
 []


Overfull \hbox (0.26395pt too wide) detected at line 71
 \TU/ChaparralPro(0)/m/n/12 232
 []


Overfull \hbox (0.26395pt too wide) detected at line 74
 \TU/ChaparralPro(0)/m/n/12 235
 []



[347]
Overfull \hbox (0.26395pt too wide) detected at line 79
 \TU/ChaparralPro(0)/m/n/12 241
 []


Overfull \hbox (1.35597pt too wide) detected at line 80
 \TU/JosefinSans(0)/b/n/12 243
 []


Overfull \hbox (0.26395pt too wide) detected at line 81
 \TU/ChaparralPro(0)/m/n/12 246
 []


Overfull \hbox (0.26395pt too wide) detected at line 82
 \TU/ChaparralPro(0)/m/n/12 250
 []


Overfull \hbox (0.26395pt too wide) detected at line 83
 \TU/ChaparralPro(0)/m/n/12 255
 []


Overfull \hbox (0.26395pt too wide) detected at line 84
 \TU/ChaparralPro(0)/m/n/12 258
 []


Overfull \hbox (0.26395pt too wide) detected at line 85
 \TU/ChaparralPro(0)/m/n/12 264
 []


Overfull \hbox (0.26395pt too wide) detected at line 86
 \TU/ChaparralPro(0)/m/n/12 268
 []


Overfull \hbox (1.16396pt too wide) detected at line 87
 \TU/JosefinSans(0)/b/n/12 276
 []


Overfull \hbox (0.26395pt too wide) detected at line 88
 \TU/ChaparralPro(0)/m/n/12 276
 []


Overfull \hbox (0.26395pt too wide) detected at line 102
 \TU/ChaparralPro(0)/m/n/12 279
 []




Package fancyhdr Warning: \headheight is too small (14.0pt): 
(fancyhdr)                Make it at least 14.94243pt, for example:
(fancyhdr)                \setlength{\headheight}{14.94243pt}.
(fancyhdr)                You might also make \topmargin smaller:
(fancyhdr)                \addtolength{\topmargin}{-0.94243pt}.

[348]
Overfull \hbox (0.26395pt too wide) detected at line 105
 \TU/ChaparralPro(0)/m/n/12 300
 []


Overfull \hbox (0.80397pt too wide) detected at line 109
 \TU/JosefinSans(0)/b/n/12 323
 []


Overfull \hbox (1.89597pt too wide) detected at line 110
 \TU/JosefinSans(0)/b/n/12 340
 []

)
\tf@toc=\write3

\openout3 = book.toc


[349] (c:/impression2/.audit_f1/stable/book.aux)
 ***********
LaTeX2e <2024-11-01> patch level 2
L3 programming layer <2025-01-18>
 ***********


LaTeX Font Warning: Size substitutions with differences
(Font)              up to 0.5pt have occurred.

)

Here is how much of LuaTeX's memory you used:
 20621 strings out of 475506
 195695,1144653 words of node,token memory allocated
 40624 words of node memory still in use:
   5 hlist, 1 vlist, 1 rule, 1 local_par, 2430 glue, 4 kern, 2 penalty, 4 glyph,
 9980 attribute, 82 glue_spec, 1427 attribute_list, 1 write, 33 pdf_action nodes

   avail lists: 1:4,2:3230,3:389,4:79,5:5355,6:95,7:11249,8:2,9:635,10:29,11:102
3
 42382 multiletter control sequences out of 65536+600000
 113 fonts using 9967407 bytes
 79i,13n,92p,7806b,679s stack positions out of 10000i,1000n,20000p,200000b,200000s
<c:/Users/Blais/AppData/Local/Microsoft/Windows/Fonts/ChaparralPro-SemiboldIt.ot
f><c:/texlive/2025/texmf-dist/fonts/truetype/public/josefin/JosefinSans-Italic.t
tf><c:/Users/Blais/AppData/Local/Microsoft/Windows/Fonts/ChaparralPro-Italic.otf
><c:/texlive/2025/texmf-dist/fonts/truetype/public/josefin/JosefinSans-Bold.ttf>
<c:/Users/Blais/AppData/Local/Microsoft/Windows/Fonts/ChaparralPro-Regular.otf><
c:/Users/Blais/AppData/Local/Microsoft/Windows/Fonts/ChaparralPro-Semibold.otf>
Output written on book.pdf (351 pages, 1345582 bytes).

PDF statistics: 3397 PDF objects out of 3580 (max. 8388607)
 2897 compressed objects within 29 object streams
 931 named destinations out of 1000 (max. 131072)
 817 words of extra memory for PDF output out of 10000 (max. 100000000)

